pair_id,rule_id_a,status_a,book_a,chapter_a,condition_a,planet_a,house_a,interpretation_a,rule_id_b,status_b,book_b,chapter_b,condition_b,planet_b,house_b,interpretation_b,contradiction_summary,recommended_action,claude_recommendation,claude_reasoning,final_action
pair-001,R-ATEXTB-SUN-8H-EXA-V-008-02,pending_human_review,A Text Book of Astrology,Chapter 15 — Planets in Different Houses: Prediction,planet_in_house_special,Sun,8,If exalted or in own sign - long life.,R-ATEXTB-SUN-8H-OWN-V-008-03,flagged,A Text Book of Astrology,Chapter 15 — Planets in Different Houses: Prediction,planet_in_house_special,Sun,8,If exalted or in own sign - long life. If Sun Is in own sign - barren or sterile.,"Rule 008-03 states Sun in 8H own sign gives both long life AND barrenness, while Rule 008-02 states Sun in 8H own sign gives long life only, creating internal inconsistency about the same placement.",,keep_both,"Rule B provides more nuanced guidance by adding a specific qualifier ('If Sun is in own sign - barren or sterile') that refines Rule A's general promise of long life, representing a layered interpretation where longevity and fertility are separate considerations that can coexist in classical Vedic texts.",
pair-002,R-ATEXTB-MOO-7H-PIS-V-018-03,pending_human_review,A Text Book of Astrology,Chapter 15 — Planets in Different Houses: Prediction,planet_in_house_in_sign,Moon,7,"If in Taurus, Sagittarius, Aquarius or Pisces sign - early marriage.",R-ATEXTB-MOO-7H-CAN-V-018-02,flagged,A Text Book of Astrology,Chapter 15 — Planets in Different Houses: Prediction,planet_in_house_in_sign,Moon,7,"In signs ofher than Taurus and Cancer - handsome, lucky, loss of married life.","Rule 018-02 states Moon in 7H in signs other than Taurus and Cancer causes 'loss of married life', while Rule 018-03 states Moon in 7H in Pisces causes 'early marriage' — opposite outcomes for the same placement.",,deprecate_both,"Rule B contains a logical error ('signs other than Taurus and Cancer' contradicts Rule A's specific sign list and creates ambiguity), and the two rules make contradictory predictions for the same planetary placement without clear differentiation by classical school or interpretive context, suggesting potential transcription or compilation errors in the source material.",
pair-003,R-ATEXTB-MOO-7H-SAG-V-018-04,pending_human_review,A Text Book of Astrology,Chapter 15 — Planets in Different Houses: Prediction,planet_in_house_in_sign,Moon,7,"If in Taurus, Sagittarius, Aquarius or Pisces sign - early marriage.",R-ATEXTB-MOO-7H-CAN-V-018-02,flagged,A Text Book of Astrology,Chapter 15 — Planets in Different Houses: Prediction,planet_in_house_in_sign,Moon,7,"In signs ofher than Taurus and Cancer - handsome, lucky, loss of married life.","Rule 018-02 states Moon in 7H in signs other than Taurus and Cancer causes 'loss of married life', while Rule 018-04 states Moon in 7H in Sagittarius causes 'early marriage' — opposite outcomes for the same placement.",,deprecate_both,"Rule B contains a logical error ('signs other than Taurus and Cancer' contradicts Rule A's specific list and lacks internal coherence), and the two rules make mutually exclusive predictions for overlapping sign conditions (both cite Taurus; Rule A predicts early marriage while Rule B predicts loss of married life), suggesting at least one source contains transcription or translation errors that undermine reliability.",
pair-004,R-ATEXTB-MOO-7H-AQU-V-018-01,pending_human_review,A Text Book of Astrology,Chapter 15 — Planets in Different Houses: Prediction,planet_in_house_in_sign,Moon,7,"If in Taurus, Sagittarius, Aquarius or Pisces sign - early marriage.",R-ATEXTB-MOO-7H-CAN-V-018-02,flagged,A Text Book of Astrology,Chapter 15 — Planets in Different Houses: Prediction,planet_in_house_in_sign,Moon,7,"In signs ofher than Taurus and Cancer - handsome, lucky, loss of married life.","Rule 018-02 states Moon in 7H in signs other than Taurus and Cancer causes 'loss of married life', while Rule 018-01 states Moon in 7H in Aquarius causes 'early marriage' — opposite outcomes for the same placement.",,deprecate_both,"Rule B contains a logical error ('signs other than Taurus and Cancer' contradicts Rule A's specific sign list and lacks coherent astrological reasoning), and Rule A's specificity to four signs appears arbitrarily narrow without textual support, making both rules unreliable for a standardized knowledge engine.",
pair-005,R-ATEXTB-MAR-1H-SCO-V-024-06,flagged,A Text Book of Astrology,Chapter 15 — Planets in Different Houses: Prediction,planet_in_house_in_sign,Mars,1,"If in Aries, Taurus, Cancer, Libra, Scorpio or Pisces sign - spouse suffers. If in Scorpio or Capricorn sign - healthy, long lived, famous. If Mars is in Aries, Scorpio or Capricorn sign - benefic results.",R-ATEXTB-MAR-1H-SCO-V-024-06,flagged,A Text Book of Astrology,Chapter 15 — Planets in Different Houses: Prediction,planet_in_house_in_sign,Mars,1,"If in Aries, Taurus, Cancer, Libra, Scorpio or Pisces sign - spouse suffers. If in Scorpio or Capricorn sign - healthy, long lived, famous. If Mars is in Aries, Scorpio or Capricorn sign - benefic results.","Mars in Scorpio in House 1 simultaneously causes spouse to suffer AND produces healthy, long-lived, famous results with benefic outcomes.",,deprecate_both,"Rules A and B are identical duplicates, suggesting a data entry error rather than a genuine conflict requiring adjudication; the real issue is internal logical inconsistency within the rule itself (Scorpio sign produces both malefic 'spouse suffers' and benefic 'healthy, long lived, famous' results depending on which clause applies).",
pair-006,R-ATEXTB-MAR-7H-ARI-V-030-01,flagged,A Text Book of Astrology,Chapter 15 — Planets in Different Houses: Prediction,planet_in_house_in_sign,Mars,7,"If in Aries, Scorpio or Capricorn sign - marital happiness. If Mars in the Aries or Scorpio sign or in Navamsha of Mars - Vaginal disease.",R-ATEXTB-MAR-7H-SCO-V-030-05,flagged,A Text Book of Astrology,Chapter 15 — Planets in Different Houses: Prediction,planet_in_house_in_sign,Mars,7,"If in Aries, Scorpio or Capricorn sign - marital happiness. If Mars in the Aries or Scorpio sign or in Navamsha of Mars - Vaginal disease.","Both rules claim Mars in 7H Aries/Scorpio gives marital happiness AND vaginal disease simultaneously, which are contradictory outcomes for the same planetary placement.",,keep_both,"Rules A and B are identical in both condition and interpretation, so they represent duplicate entries from the same source rather than conflicting interpretations, and should be consolidated rather than deprecated.",
pair-007,R-ATEXTB-VEN-1H-EXA-V-059-10,flagged,A Text Book of Astrology,Chapter 15 — Planets in Different Houses: Prediction,planet_in_house_special,Venus,1,If Venus is in own sign/ exalted - not very beautiful.,R-ATEXTB-VEN-1H-OWN-V-059-11,flagged,A Text Book of Astrology,Chapter 15 — Planets in Different Houses: Prediction,planet_in_house_special,Venus,1,"If in own sign - Raj yog. If in own sign and Mercury and Saturn are together in any house-very wealthy. ; Happy, very beautiful, healthy, charming, attractive, good conduct, soft spoken, self made, happiness of husband, wise, prosperous, generous, priggish, handsome husband, no defect destroyer of e","R-ATEXTB-VEN-1H-EXA-V-059-10 states Venus exalted in House 1 gives 'not very beautiful', while R-ATEXTB-VEN-1H-OWN-V-059-11 states Venus in own sign in House 1 gives 'very beautiful' and the detailed text also mentions 'not very beautiful' for exalted Venus, creating internal inconsistency about beauty outcomes.",,keep_b,"Rule B provides more detailed, nuanced, and specific classical predictions (including Raj yog, wealth conditions, and multiple positive attributes) that align with traditional Vedic astrology texts, whereas Rule A's blanket statement that Venus in own sign/exalted is 'not very beautiful' directly contradicts established classical doctrine and appears to be a transcription or translation error.",
pair-008,R-ATEXTB-VEN-7H-SCO-V-065-05,flagged,A Text Book of Astrology,Chapter 15 — Planets in Different Houses: Prediction,planet_in_house_in_sign,Venus,7,"If In Scorpio or Capricorn sign - pleasure seeker. If in Aries, Scorpio, Capricorn or Aquarius sign in Navamsa and aspected by Mars or Saturn - pleasure seeker. If in Scorpio sign - death of wife.",R-ATEXTB-VEN-7H-SCO-V-065-05,flagged,A Text Book of Astrology,Chapter 15 — Planets in Different Houses: Prediction,planet_in_house_in_sign,Venus,7,"If In Scorpio or Capricorn sign - pleasure seeker. If in Aries, Scorpio, Capricorn or Aquarius sign in Navamsa and aspected by Mars or Saturn - pleasure seeker. If in Scorpio sign - death of wife.",Venus in 7H Scorpio is stated to make native a 'pleasure seeker' AND cause 'death of wife' - opposite outcomes for identical planetary placement.,,keep_both,"Rule A and Rule B are identical in content and source, representing a duplicate entry rather than a genuine conflict; retaining one copy suffices, but both can coexist without contradicting interpretations.",
pair-009,R-ATEXTB-JUP-7H-EXA-V-054-06,flagged,A Text Book of Astrology,Chapter 15 — Planets in Different Houses: Prediction,planet_in_house_special,Jupiter,7,If exalted or in own sign - definitely corrupt. If exalted or in own house - knowledge of religions. If exalted - salvation.,R-ATEXTB-JUP-7H-OWN-V-054-07,flagged,A Text Book of Astrology,Chapter 15 — Planets in Different Houses: Prediction,planet_in_house_special,Jupiter,7,If exalted or in own sign - definitely corrupt.,"Rule 054-06 states exalted Jupiter in 7H gives knowledge of religions and salvation, while rule 054-07 states exalted or own sign Jupiter in 7H is definitely corrupt—opposite moral outcomes for the same exalted condition.",,deprecate_both,"Rule A contains internally contradictory predictions for the same planetary condition (exalted Jupiter producing both 'definitely corrupt' and 'salvation'), while Rule B's identical conclusion about corruption lacks the nuance or qualifying factors that would distinguish these interpretations as reliable classical doctrine.",
pair-010,R-ATEXTB-JUP-12H-DEB-V-058-01,flagged,A Text Book of Astrology,Chapter 15 — Planets in Different Houses: Prediction,planet_in_house_special,Jupiter,12,"If debilitated - convict, children ore spoiled. If debilitated - very wealthy. If debilitated or in enemy sign - quarrelsome, bad name, devoid of wealth.",R-ATEXTB-JUP-12H-DEB-V-058-01,flagged,A Text Book of Astrology,Chapter 15 — Planets in Different Houses: Prediction,planet_in_house_special,Jupiter,12,"If debilitated - convict, children ore spoiled. If debilitated - very wealthy. If debilitated or in enemy sign - quarrelsome, bad name, devoid of wealth.","Within the same rule, debilitated Jupiter in 12th house is stated to produce both 'very wealthy' and 'devoid of wealth' outcomes.",,deprecate_both,"Both rules are identical duplicates with internal logical contradictions (debilitated Jupiter cannot simultaneously cause both 'very wealthy' and 'devoid of wealth'), indicating transcription errors or corrupted source material rather than genuine conflicting schools.",
pair-011,R-ATEXTB-SAT-1H-ARI-V-071-02,pending_human_review,A Text Book of Astrology,Chapter 15 — Planets in Different Houses: Prediction,planet_in_house_in_sign,Saturn,1,"If in Aries, Taurus, Gemini, Cancer, Leo, Virgo or Scorpio sign-malefic results. If in Aries sign and aspected by Sun-insomnia.",R-ATEXTB-SAT-1H-VIR-V-071-11,flagged,A Text Book of Astrology,Chapter 15 — Planets in Different Houses: Prediction,planet_in_house_in_sign,Saturn,1,"If in Virgo, Sagittarius, Capricorn, Aquarius or Pisces sign - no malefic effects, wealthy, intellectual, head person of village. If in Aries, Taurus, Gemini, Cancer, Leo, Virgo or Scorpio sign-malefic results. If in Virgo sign - thief, suspicious.","Saturn in Virgo (1H) is stated to give 'no malefic effects, wealthy, intellectual' AND 'malefic results' simultaneously in the same source text.",,deprecate_both,"Rule B contains internal logical contradictions (Virgo simultaneously produces both 'no malefic effects' and 'thief, suspicious' outcomes), and the rules lack source verification, textual citations, or classical authority attribution needed to resolve conflicting interpretations in Vedic astrology.",
pair-012,R-ATEXTB-SAT-1H-ARI-V-071-02,pending_human_review,A Text Book of Astrology,Chapter 15 — Planets in Different Houses: Prediction,planet_in_house_in_sign,Saturn,1,"If in Aries, Taurus, Gemini, Cancer, Leo, Virgo or Scorpio sign-malefic results. If in Aries sign and aspected by Sun-insomnia.",R-ATEXTB-SAT-1H-CAN-V-071-03,flagged,A Text Book of Astrology,Chapter 15 — Planets in Different Houses: Prediction,planet_in_house_in_sign,Saturn,1,"If in Aries, Taurus, Gemini, Cancer, Leo, Virgo or Scorpio sign-malefic results. If in Cancer, Sagittarius or Pisces sign - benefic results, fond of jewellery.","Saturn in Virgo (1H) is stated to give 'no malefic effects, wealthy, intellectual' AND 'malefic results' simultaneously in the same source text.",,deprecate_both,"Rule B contains a logical contradiction (Saturn in Cancer listed as both malefic in the first clause and benefic in the second clause), and Rule A lacks specificity beyond one aspect condition, making both rules unreliable for consistent interpretation.",
pair-013,R-ATEXTB-SAT-7H-SAG-V-077-06,flagged,A Text Book of Astrology,Chapter 15 — Planets in Different Houses: Prediction,planet_in_house_in_sign,Saturn,7,"If in Gemini, Virgo, Sagittarius or Pisces sign - two marriages. If in own sign/ exalted/ Sagittarius sign - sexual.",R-ATEXTB-SAT-7H-SAG-V-077-06,flagged,A Text Book of Astrology,Chapter 15 — Planets in Different Houses: Prediction,planet_in_house_in_sign,Saturn,7,"If in Gemini, Virgo, Sagittarius or Pisces sign - two marriages. If in own sign/ exalted/ Sagittarius sign - sexual.",Within the same rule for Saturn in 7H Sagittarius: 'two marriages' contradicts 'sexual' (interpreted as sexual dysfunction/impotence) as incompatible marital outcomes.,,deprecate_both,"The rules are identical duplicates with internal logical contradictions (Sagittarius appears in both conditions, and 'own sign/exalted' for Saturn in House 7 would be Capricorn/Libra, not Sagittarius), indicating transcription errors or source corruption rather than legitimate competing interpretations.",
pair-014,R-ATEXTB-SAT-7H-PIS-V-077-05,flagged,A Text Book of Astrology,Chapter 15 — Planets in Different Houses: Prediction,planet_in_house_in_sign,Saturn,7,"If in Gemini, Virgo, Sagittarius or Pisces sign - two marriages. If in Pisces - death of spouse.",R-ATEXTB-SAT-7H-PIS-V-077-05,flagged,A Text Book of Astrology,Chapter 15 — Planets in Different Houses: Prediction,planet_in_house_in_sign,Saturn,7,"If in Gemini, Virgo, Sagittarius or Pisces sign - two marriages. If in Pisces - death of spouse.",Within the same rule for Saturn in 7H Pisces: 'two marriages' contradicts 'death of spouse' as mutually exclusive outcomes.,,keep_both,"These rules are identical in both source, condition, and interpretation, so they represent duplicate entries from the same source rather than conflicting schools—one should be deduplicated rather than deprecated.",
pair-015,R-ATEXTB-KET-1H-LEO-V-094-06,flagged,A Text Book of Astrology,Chapter 15 — Planets in Different Houses: Prediction,planet_in_house_in_sign,Ketu,1,"If in Leo, Virgo, Scorpio or Sagittarius signs - benefic, loss of wealth and father at the age of 12.",R-ATEXTB-KET-1H-SAG-V-094-08,flagged,A Text Book of Astrology,Chapter 15 — Planets in Different Houses: Prediction,planet_in_house_in_sign,Ketu,1,"If in Sagittarius sign - more gains even with less efforts, fond of listening music. If in Leo, Virgo, Scorpio or Sagittarius signs - benefic, loss of wealth and father at the age of 12.","Ketu in Sagittarius is stated to give 'more gains' but also causes 'loss of wealth and father at the age of 12', which directly contradicts the gains claim.",,keep_b,"Rule B is more comprehensive and authoritative as it provides specific positive predictions for Sagittarius (gains, musical inclination) before the general category statement, offering nuanced guidance that Rule A lacks while maintaining the broader principle.",
pair-016,R-ATEXTB-KET-1H-SCO-V-094-09,flagged,A Text Book of Astrology,Chapter 15 — Planets in Different Houses: Prediction,planet_in_house_in_sign,Ketu,1,"If in Scorpio sign - wealthy, happy, hard working. If in Aries, Taurus, Gemini, Virgo, or Scorpio signs - stomach ailments. If in Leo, Virgo, Scorpio or Sagittarius signs - benefic, loss of wealth and father at the age of 12.",R-ATEXTB-KET-1H-VIR-V-094-11,flagged,A Text Book of Astrology,Chapter 15 — Planets in Different Houses: Prediction,planet_in_house_in_sign,Ketu,1,"If in Gemini, Virgo or Pisces sign - very happy. If in Aries, Taurus, Gemini, Virgo, or Scorpio signs - stomach ailments. If in Leo, Virgo, Scorpio or Sagittarius signs - benefic, loss of wealth and father at the age of 12. If in Gemini or Virgo sign - all comforts.","Ketu in Scorpio is stated to make one 'wealthy, happy, hard working' but also causes 'stomach ailments', which contradicts the positive health/prosperity claim.",,deprecate_both,"Both rules contain internal logical contradictions (overlapping sign conditions with conflicting interpretations for the same signs like Gemini, Virgo, and Scorpio) and lack sufficient source attribution or classical authority citations to resolve which version is more reliable.",
pair-017,R-ATEXTB-KET-7H-CAN-V-099-01,pending_human_review,A Text Book of Astrology,Chapter 15 — Planets in Different Houses: Prediction,planet_in_house_in_sign,Ketu,7,If in Cancer or Scorpio sign - gains.,R-ATEXTB-KET-7H-SCO-V-099-03,flagged,A Text Book of Astrology,Chapter 15 — Planets in Different Houses: Prediction,planet_in_house_in_sign,Ketu,7,"If in Cancer or Scorpio sign - gains. Opposition from husband, widow, always desirous of making journeys, danger from enemies and ill health, sufferings to husband, mentally disturbed, loss in profession, danger from water, adulterer if Ketu in Scorpio sign.","Rule 1 states Ketu in Cancer gives gains, while Rule 3 states Ketu in Scorpio causes opposition from husband, widow status, danger, and loss in profession—directly opposite outcomes for the same planet in the same house across different signs.",,keep_b,"Rule B provides comprehensive classical interpretation including both positive (gains) and negative outcomes based on sign placement and specific conditions, representing more complete Vedic astrological doctrine than Rule A's incomplete summary, though both appear from the same source and may indicate Rule A is an abridged or preliminary statement superseded by the fuller analysis in Rule B.",
pair-018,R-ATEXTB-KET-1H-GEM-V-094-05,flagged,A Text Book of Astrology,Chapter 15 — Planets in Different Houses: Prediction,planet_in_house_in_sign,Ketu,1,"If in Gemini sign - short life, poor. If in Gemini, Virgo or Pisces sign - very happy. If in Aries, Taurus, Gemini, Virgo, or Scorpio signs - stomach ailments. If in Gemini or Virgo sign - all comforts.",R-ATEXTB-KET-1H-VIR-V-094-11,flagged,A Text Book of Astrology,Chapter 15 — Planets in Different Houses: Prediction,planet_in_house_in_sign,Ketu,1,"If in Gemini, Virgo or Pisces sign - very happy. If in Aries, Taurus, Gemini, Virgo, or Scorpio signs - stomach ailments. If in Leo, Virgo, Scorpio or Sagittarius signs - benefic, loss of wealth and father at the age of 12. If in Gemini or Virgo sign - all comforts.","Ketu in Gemini is stated to cause both 'short life, poor' and 'very happy' with 'all comforts', which are directly opposite outcomes.",,deprecate_both,"Both rules contain internal logical contradictions (e.g., Gemini sign simultaneously producing 'short life, poor' and 'all comforts' in Rule A; conflicting predictions for identical sign placements) and lack sufficient source documentation to establish which classical text or school they authentically represent, making them unreliable for interpretation.",
pair-019,R-BPHS12-016,flagged,Brihat Parashara Hora Shastra,12,bhava_combination,,1,"Condition: Sun and Moon in conjunction in the same Navamsa (same quarter of a constellation)

Effect: This combination implies loss of mother within the first three months",R-BPHS12-015,pending_human_review,Brihat Parashara Hora Shastra,12,bhava_combination,,1,"Condition: If the Sun and the Moon join in one and the same bhava (house) and fall in one Navamsa

Effect: The native will be nurtured by 3 different mothers for the first 3 months from its birth and will later on be brought up by its father and brother","R-BPHS12-015 states Sun-Moon conjunction in same Navamsa results in nurturing by 3 mothers then father/brother, while R-BPHS12-016 states the same condition causes loss of mother within first three months.",,keep_both,"Both rules appear to reference the same BPHS source but describe different outcomes from subtly distinct conditions—Rule A specifies conjunction in the same Navamsa alone, while Rule B adds the explicit requirement of both same bhava AND same Navamsa—suggesting they may represent different interpretive traditions or manuscript variants of classical Jyotisha that warrant preservation for comparative analysis.",
pair-020,R-BPHS15-019,pending_human_review,Brihat Parashara Hora Shastra,15,bhava_combination,,4,"Condition: Should a benefic be in the 4th, aspect the 4th, or is conjunct with or aspect the lord of the 4th house

Effect: the native will be happy with conveyances and be free from accidents and dangers",R-BPHS15-020,pending_human_review,Brihat Parashara Hora Shastra,15,bhava_combination,,4,"Condition: A malefic replacing the said benefic in the 4th, aspect the 4th, or is conjunct with or aspect the lord of the 4th house

Effect: will cause losses concerning vehicles and reduce one to severe accidents","R-019 states benefic in/aspecting 4th makes native happy with conveyances and free from accidents, while R-020 states malefic in/aspecting 4th causes losses and severe accidents—direct opposites for the same placement type.",,keep_both,"These rules are complementary opposites describing benefic versus malefic influences on the 4th house, not contradictory interpretations—both represent classical Parashara doctrine where planetary nature (benefic/malefic) determines opposite outcomes for the same yogic condition.",
pair-021,R-BPHS15-018,pending_human_review,Brihat Parashara Hora Shastra,15,bhava_combination,,4,"Condition: a malefic related to the 4th house (and to its lord)

Effect: will produce only malefic effects in respect of conveyances",R-BPHS15-017,pending_human_review,Brihat Parashara Hora Shastra,15,bhava_combination,,4,"Condition: A benefic related to the 4th house (and to its lord)

Effect: will bring with him auspicious effects in respect of conveyances","R-017 states benefic related to 4th house brings auspicious effects on conveyances, while R-018 states malefic related to 4th house produces malefic effects on conveyances—these are complementary opposites for identical conditions.",,keep_both,"These rules are complementary rather than conflicting—Rule A addresses malefic planets in the 4th house while Rule B addresses benefic planets, representing a complete classical framework where planetary nature determines the type of effect on conveyances.",
pair-022,R-BPHS14-028,pending_human_review,Brihat Parashara Hora Shastra,14,bhava_combination,,3,"Condition: The Sun in the 3rd house

Effect: Will destroy the preborn",R-BPHS14-031,flagged,Brihat Parashara Hora Shastra,14,bhava_combination,,3,"Condition: The Sun in the 3rd house

Effect: Will not allow the native to retain his elder brothers and will affect one's relationship with brothers and sisters","R-BPHS14-028 states Sun in 3rd destroys preborn (elder siblings), while R-BPHS14-031 states Sun in 3rd will not allow native to retain elder brothers and affects relationships—these describe the same placement with different severity claims about elder siblings.",,keep_both,Both interpretations are valid classical teachings from BPHS 14 addressing different life domains—'preborn' refers to progeny/children while the second addresses sibling relationships—and both can manifest simultaneously in a native's chart without contradiction.,
pair-023,R-BPHS14-030,pending_human_review,Brihat Parashara Hora Shastra,14,bhava_combination,,3,"Condition: Mars in the same situation (3rd house)

Effect: Will destroy both the preborn and later born",R-BPHS14-032,flagged,Brihat Parashara Hora Shastra,14,bhava_combination,,3,"Condition: Mars in the 3rd house

Effect: The native will obtain two brothers and two sisters all of whom will pass away early and the placement will have adverse effect on the native's character","R-BPHS14-030 states Mars in 3rd destroys both preborn and later-born siblings, while R-BPHS14-032 states Mars in 3rd results in obtaining two brothers and two sisters who die early—contradictory claims about whether siblings are obtained or destroyed.",,keep_both,"Rule B provides the more complete and detailed interpretation from BPHS 14, while Rule A appears to be a fragmentary or summarized version; both can coexist as the fuller interpretation (B) encompasses the core principle expressed in the abbreviated form (A).",
pair-024,R-BPHS18-029,pending_human_review,Brihat Parashara Hora Shastra,18,bhava_combination,,7,"Condition: If the Moon is in the 7th as the 7th lord is in the 12th and the Karaka (indicator Venus) is bereft of strength

Effect: the native will not be endowed with marital happiness",R-BPHS18-030,pending_human_review,Brihat Parashara Hora Shastra,18,bhava_combination,,7,"Condition: The Moon increasing, while although the other part of the planetary conditions as stated in the sloka is fulfilled

Effect: will stall the adversity and improve the situation","R-BPHS18-029 states Moon in 7th with 7th lord in 12th and weak Venus causes lack of marital happiness, while R-BPHS18-030 states an increasing Moon in the same configuration stalls the adversity—these are qualifications of the same condition, not true contradictions.",,keep_both,"Rule A states the negative yoga condition while Rule B presents a classical qualifier (Moon's waxing state) that modifies the outcome, representing complementary classical principles rather than contradiction—both should be retained as they reflect the conditional/nuanced nature of Parashara's interpretive methodology.",
pair-025,R-BPHS18-004,pending_human_review,Brihat Parashara Hora Shastra,18,bhava_combination,,7,"Condition: Venus is in the 7th house

Effect: The native will be exceedingly libidinous",R-BPHS18-005,pending_human_review,Brihat Parashara Hora Shastra,18,bhava_combination,,7,"Condition: Venus joining a malefic in any house

Effect: Will cause loss of wife","R-BPHS18-004 states Venus in 7th causes excessive libidinousness, while R-BPHS18-005 states Venus joining a malefic causes loss of wife—opposite outcomes for Venus involvement in 7th house matters.",,keep_both,"These rules address different conditions (Rule A: Venus alone in 7th house; Rule B: Venus conjunct malefic in any house including 7th) and thus describe distinct scenarios with different outcomes, both valid within classical BPHS interpretive frameworks.",
pair-026,R-BPHS16-012,pending_human_review,Brihat Parashara Hora Shastra,16,bhava_combination,,5,"Condition: If the 5th lord is in the 6th, 8th or the 12th or be in an inimical sign or in fall or in the 5th itself

Effect: the native will beget issues with difficulty",R-BPHS16-002,pending_human_review,Brihat Parashara Hora Shastra,16,bhava_combination,,5,"Condition: Should the 5th lord be in the 6th, 8th or 12th

Effect: there will be no offspring","R-BPHS16-002 states 5th lord in 6th/8th/12th causes 'no offspring', while R-BPHS16-012 states the same placement causes 'beget issues with difficulty' (implying offspring are obtained).",,keep_both,"Rule A represents the complete classical formulation including multiple afflicting conditions with graduated severity (difficulty in conception), while Rule B presents a simplified or stricter interpretation focusing only on the most severe placements (6th, 8th, 12th) that result in complete absence of offspring, reflecting different traditional commentaries on the same base text.",
pair-027,R-BPHS19-001,pending_human_review,Brihat Parashara Hora Shastra,19,bhava_combination,,8,"Condition: If the 8th lord is in an angle.

Effect: long life is indicated.",R-BPHS19-012,pending_human_review,Brihat Parashara Hora Shastra,19,bhava_combination,,8,"Condition: The ascendant lord is weak while the 8th lord is in an angle.

Effect: One's span of life will be between 20 and 32 years.","R-BPHS19-001 states 8th lord in angle indicates long life, while R-BPHS19-012 states 8th lord in angle with weak ascendant lord indicates short life (20-32 years), making the same placement produce opposite longevity outcomes.",,keep_both,"Rule A and Rule B are not contradictory but rather represent different conditional scenarios—Rule A applies when only the 8th lord is in an angle, while Rule B applies specifically when the ascendant lord is weak AND the 8th lord is in an angle, making them complementary refinements of the same principle rather than conflicting interpretations.",
pair-028,R-BPHS19-001,pending_human_review,Brihat Parashara Hora Shastra,19,bhava_combination,,8,"Condition: If the 8th lord is in an angle.

Effect: long life is indicated.",R-BPHS19-018,pending_human_review,Brihat Parashara Hora Shastra,19,bhava_combination,,8,"Condition: The 8th lord is in an angle while the ascendant lord is strong.

Effect: The native will be long-lived.","R-BPHS19-001 states 8th lord in angle indicates long life, while R-BPHS19-012 states 8th lord in angle with weak ascendant lord indicates short life (20-32 years), making the same placement produce opposite longevity outcomes.",,keep_both,"Rule A states the basic principle while Rule B refines it with an additional qualifier (ascendant lord strength), representing a progressive elaboration rather than a true conflict—both conditions can coexist in classical texts where more specific combinations build upon foundational rules.",
pair-029,R-BPHS16-003,pending_human_review,Brihat Parashara Hora Shastra,16,bhava_combination,,5,"Condition: Should the 5th lord be combust or be with malefics and be weak

Effect: there will be no children; even if per chance issues are obtained they will only quit the world soon",R-BPHS16-002,pending_human_review,Brihat Parashara Hora Shastra,16,bhava_combination,,5,"Condition: Should the 5th lord be in the 6th, 8th or 12th

Effect: there will be no offspring","Both rules address 5th lord placement but with different severity: R-BPHS16-002 says 5th lord in 6th/8th/12th causes absolute 'no offspring', while R-BPHS16-003 addresses a different condition (combust/with malefics) but also claims 'no children' as primary effect.",,keep_both,"These rules describe distinct astrological conditions (Rule A: 5th lord combust/with malefics/weak; Rule B: 5th lord in dusthanas 6/8/12) that both independently produce offspring denial, representing complementary classical principles rather than contradictory interpretations of the same condition.",
pair-030,R-BPHS20-013,flagged,Brihat Parashara Hora Shastra,20,bhava_combination,,9,"Condition: The ascendant lord is in the 9th house but with the lord of the 6th house.

Effect: The native's father will be of contemptible disposition.",R-BPHS20-012,pending_human_review,Brihat Parashara Hora Shastra,20,bhava_combination,,9,"Condition: The ascendant lord is in the 9th house but with the lord of the 6th house.

Effect: There will be mutual enmity between the father and the native.","R-012 states ascendant lord in 9th with 6th lord causes mutual enmity between father and native, while R-013 states the same condition makes the father contemptible—these describe different effects (relationship vs. character) for identical conditions, not a direct contradiction of the same claim.",,keep_both,"Both interpretations are complementary rather than contradictory—a father of 'contemptible disposition' naturally produces 'mutual enmity' with the native, representing different aspects (character vs. relationship dynamic) of the same astrological condition that may appear in different classical commentaries or be context-dependent on other chart factors.",
pair-031,R-BPHS22-005,pending_human_review,Brihat Parashara Hora Shastra,22,bhava_combination,,11,"Condition: If the 11th lord is exalted, though in combustion.

Effect: there will be many gains.",R-BPHS22-015,pending_human_review,Brihat Parashara Hora Shastra,22,bhava_combination,,11,"Condition: 11th lord is in combustion.

Effect: There will be no gains in spite of numerous efforts.","R-BPHS22-015 states 11th lord in combustion destroys gains, while R-BPHS22-005 states 11th lord exalted even in combustion gives many gains abundantly.",,keep_both,"Rule A and Rule B address different conditions (11th lord exalted despite combustion versus 11th lord in combustion without exaltation qualification), making them complementary rather than conflicting, as classical texts often present layered conditions with different outcomes based on planetary dignity modifiers.",
pair-032,R-BPHS48-020,pending_human_review,Brihat Parashara Hora Shastra,48,dasha_of_house_lord,,7,"Condition: IF the Lord of the 7th is well placed.

Effect: There will be auspicious celebrations during his Dasa.",R-BPHS48-011,pending_human_review,Brihat Parashara Hora Shastra,48,dasha_of_house_lord,,7,"Condition: In the Dasa of the Lord of the 7th.

Effect: There will be distress to wife and the possibility of the death of the native.",R-BPHS48-011 states 7th lord dasha causes distress and death; R-BPHS48-020 states 7th lord dasha causes auspicious celebrations—opposite outcomes for the same dasha period.,,keep_both,"Rule A and Rule B are not contradictory but conditional—Rule A applies when the 7th lord is well-placed (favorable), while Rule B applies when the 7th lord is poorly-placed (unfavorable), representing the classical Vedic principle of dignity-dependent results.",
pair-033,R-BPHS48-010,pending_human_review,Brihat Parashara Hora Shastra,48,dasha_of_house_lord,,6,"Condition: In the Dasha of the Lord of the 6th.

Effect: Danger from enemies and ill health.",R-BPHS48-023,deprecated,Brihat Parashara Hora Shastra,48,dasha_of_house_lord,,6,"Condition: IF the 6th house is occupied or aspected by malefics and the Lord of the 6th is in Dusthana (6th, 8th or 12th).

Effect: Such a disposition produces Harsha yoga. The person born in Harsha yoga will be endowed with happiness, enjoyment, good fortune and a strong constitution will overcome ","R-BPHS48-010 states 6th lord dasha causes danger and ill health, while R-BPHS48-023 states when 6th is aspected by malefics and 6th lord in dusthana, it produces Harsha yoga with happiness and good fortune—opposite outcomes for overlapping conditions.",,keep_both,"Rule A describes the general default effect of 6th house lord dasha, while Rule B specifies a conditional exception (Harsha yoga) that occurs only when additional criteria are met (malefic occupation/aspect AND lord in dusthana), making them complementary rather than contradictory.",
pair-034,R-BPHS48-019,pending_human_review,Brihat Parashara Hora Shastra,48,dasha_of_house_lord,,2,"Condition: IF the Lord of the 2nd is well placed in the birth chart.

Effect: There will definitely be gains of wealth during the Dasa of the Lord of the 2nd.",R-BPHS48-006,pending_human_review,Brihat Parashara Hora Shastra,48,dasha_of_house_lord,,2,"Condition: In the Dasha of the Lord of the 2nd.

Effect: Distress and possibility of death.","R-BPHS48-006 states Lord of 2nd Dasha causes distress and possibility of death, while R-BPHS48-019 states it causes gains of wealth when the Lord is well-placed—opposite outcomes for the same dasha period.",,keep_both,"Rule A and Rule B are not contradictory but represent different contextual outcomes: Rule A applies when the 2nd house lord is well-placed (benefic condition), while Rule B applies to the general case without qualification, making both valid classical interpretations dependent on the dignity and placement of the 2nd lord.",
pair-035,R-BPHS53-012,deprecated,Brihat Parashara Hora Shastra,53,dasha_planet,,,"Condition: Rahu Antardasha in Moon Mahadasha in later period, Rahu posited in kendra or trikona.

Effect: Danger from the king (government), thieves and snakes; distress to cattle; loss of kinsmen and friends; loss of reputation and mental agony.",R-BPHS53-011,deprecated,Brihat Parashara Hora Shastra,53,dasha_planet,,,"Condition: Rahu Antardasha in Moon Mahadasha at commencement, Rahu posited in kendra or trikona.

Effect: Some auspicious results.","R-011 states Rahu in kendra/trikona at commencement of Antardasha gives auspicious results, while R-012 states the same placement in later period gives danger from government, thieves, snakes, and loss of kinsmen.",,keep_both,"These rules are complementary rather than conflicting, as they specify different temporal phases of the same dasha period (commencement versus later period), representing the classical understanding that Rahu's effects evolve through the Moon Mahadasha cycle.",
pair-036,R-BPHS53-024,deprecated,Brihat Parashara Hora Shastra,53,dasha_planet,,,"Condition: Jupiter be weak and be in the 6th, the 8th or the 12th from the Moon.

Effect: There will be good effects at the commencement of the Antardasa and distress at its end.",R-BPHS53-023,deprecated,Brihat Parashara Hora Shastra,53,dasha_planet,,,"Condition: Jupiter be weak and be in the 6th, the 8th or the 12th from the Moon.

Effect: Effects like unpalatable food, journeys to places away from the homeland will be derived.","R-023 states weak Jupiter in 6th/8th/12th from Moon causes unpalatable food and journeys away, while R-024 states the same condition gives good effects at commencement and distress at end.",,keep_both,"Both effects are complementary descriptions of Jupiter antardasha results under the same condition—Rule A describes the temporal pattern (good start, difficult end) while Rule B describes the qualitative nature of effects (hardship and displacement)—and can coexist in classical interpretation without contradiction.",
pair-037,R-BPHS55-021,deprecated,Brihat Parashara Hora Shastra,55,dasha_planet,,,"Condition: Saturn be in kendra, trikona in his sign of exaltation, in his own sign, in his moolatrikona, the 3rd or the 11th during Antardasha of Saturn in the Dasha of Rahu.

Effect: Reduction in income-due to lethargy.",R-BPHS55-018,deprecated,Brihat Parashara Hora Shastra,55,dasha_planet,,,"Condition: Saturn be in kendra, trikona in his sign of exaltation, in his own sign, in his moolatrikona, the 3rd or the 11th during Antardasha of Saturn in the Dasha of Rahu.

Effect: Effects like pleasure of the ring for devotion in his service, auspicious functions like celebration of marriage etc","R-018 states Saturn in kendra/trikona/exaltation/own/moolatrikona/3rd/11th produces pleasure and auspicious functions, while R-021 states the identical Saturn placement causes reduction in income due to lethargy.",,deprecate_both,"Both rules claim identical identical sourcing (BPHS 55) and conditions but present contradictory effects (reduction in income vs. auspicious outcomes); the source citation appears duplicated/corrupted, suggesting data entry error rather than legitimate classical variation, and requires verification against original Sanskrit text before either can be trusted.",
pair-038,R-BPHS55-024,deprecated,Brihat Parashara Hora Shastra,55,dasha_planet,,,"Condition: Saturn be in his sign of debilitation, enemy's sign or be in the 8th, or the 12th from the Ascendant.

Effect: Sudden gain of ornaments.",R-BPHS55-023,deprecated,Brihat Parashara Hora Shastra,55,dasha_planet,,,"Condition: Saturn be in his sign of debilitation, enemy's sign or be in the 8th, or the 12th from the Ascendant.

Effect: Danger from menials, king and enemies, distress to wife and children, distress to kinsmen, disputes with the co-parceners, disputes in dealings with others.","R-023 states Saturn in debilitation/enemy sign/8th/12th produces danger and distress, while R-024 states the identical Saturn placement produces sudden gain of ornaments (a favorable outcome).",,keep_b,"Rule B's negative effects (danger, distress, disputes) align with Saturn's malefic nature and debilitated/unfavorable placements in classical Vedic texts, while Rule A's positive effect (sudden gain of ornaments) contradicts Saturn's inherent significations and is likely a transmission error or misattribution.",
pair-039,R-BPHS48-045,pending_human_review,Brihat Parashara Hora Shastra,48,dasha_of_house_lord,,None,"Condition: The Dasa of Rahu and Ketu if posited in the 3rd, 6th and 11th.

Effect: would be favourable.",R-BPHS48-040,pending_human_review,Brihat Parashara Hora Shastra,48,dasha_of_house_lord,,None,"Condition: The Dasa of the planets posited in the 3rd, 6th and 11th.

Effect: will prove unfavourable.","R-BPHS48-040 states dasa of planets in 3rd, 6th or 11th produces unfavourable effects, while R-BPHS48-045 states dasa of Rahu or Ketu in these same houses produces favourable effects.",,keep_both,"Rule A and Rule B address different planetary categories (Rahu/Ketu specifically versus all planets generally), making them complementary rather than contradictory—Rahu/Ketu dashas in 3/6/11 are favorable while other planets' dashas in these houses are unfavorable, reflecting classical distinctions in nodal versus graha dasha effects.",
pair-040,R-BPHS48-045,pending_human_review,Brihat Parashara Hora Shastra,48,dasha_of_house_lord,,None,"Condition: The Dasa of Rahu and Ketu if posited in the 3rd, 6th and 11th.

Effect: would be favourable.",R-BPHS48-041,pending_human_review,Brihat Parashara Hora Shastra,48,dasha_of_house_lord,,None,"Condition: The Dasa of the planets in conjunction with the lords of 3rd, 6th and 11th.

Effect: will prove unfavourable.","R-BPHS48-040 states dasa of planets in 3rd, 6th or 11th produces unfavourable effects, while R-BPHS48-045 states dasa of Rahu or Ketu in these same houses produces favourable effects.",,keep_both,"Rule A describes favorable results when Rahu/Ketu occupy the 3rd, 6th, or 11th houses during their dasa, while Rule B describes unfavorable results from planets in conjunction with those house lords' dasa periods—these are distinct conditions (node placement vs. conjunction with lords) that can coexist in classical Vedic texts without contradiction.",
pair-041,R-BPHS55-018,deprecated,Brihat Parashara Hora Shastra,55,dasha_planet,,,"Condition: Saturn be in kendra, trikona in his sign of exaltation, in his own sign, in his moolatrikona, the 3rd or the 11th during Antardasha of Saturn in the Dasha of Rahu.

Effect: Effects like pleasure of the ring for devotion in his service, auspicious functions like celebration of marriage etc",R-BPHS55-020,deprecated,Brihat Parashara Hora Shastra,55,dasha_planet,,,"Condition: Saturn be in kendra, trikona in his sign of exaltation, in his own sign, in his moolatrikona, the 3rd or the 11th during Antardasha of Saturn in the Dasha of Rahu.

Effect: Loss of wealth caused by the king (government officials) during journey to the West.","R-018 states Saturn in kendra/trikona/exaltation/own/moolatrikona/3rd/11th produces pleasure and auspicious functions, while R-020 states the identical Saturn placement causes loss of wealth from government during westward journey.",,deprecate_both,"Both rules claim identical identical conditions from the same source text but produce contradictory effects (auspicious marriage functions vs. loss of wealth), indicating at least one contains a transcription or translation error that cannot be resolved without accessing the original Sanskrit text and manuscript lineage.",
pair-042,R-BPHS53-058,deprecated,Brihat Parashara Hora Shastra,53,dasha_planet,,,"Condition: Venus be in the 6th, the 8th or the 12th from the lord of the Dasa (the Moon).

Effect: Deportation to foreign lands.",R-BPHS53-059,deprecated,Brihat Parashara Hora Shastra,53,dasha_planet,,,"Condition: Venus be in the 6th, the 8th or the 12th from the lord of the Dasa (the Moon).

Effect: Sorrows.",Both rules describe Venus in 6th/8th/12th from Moon with identical conditions but R-058 specifies deportation to foreign lands while R-059 specifies sorrows as separate effects.,,keep_both,"Both effects are valid complementary outcomes from the same condition, as classical texts often describe multiple manifestations of a single planetary configuration, with deportation being a specific severe form of sorrow that results from the broader principle.",
pair-043,R-BPHS53-060,deprecated,Brihat Parashara Hora Shastra,53,dasha_planet,,,"Condition: Venus be in the 6th, the 8th or the 12th from the lord of the Dasa (the Moon).

Effect: Death.",R-BPHS53-059,deprecated,Brihat Parashara Hora Shastra,53,dasha_planet,,,"Condition: Venus be in the 6th, the 8th or the 12th from the lord of the Dasa (the Moon).

Effect: Sorrows.",Both rules describe Venus in 6th/8th/12th from Moon with identical conditions but R-059 specifies sorrows while R-060 specifies death as separate effects.,,keep_both,"Both interpretations are valid as classical Vedic astrology employs a spectrum of effects from the same yogic condition—'Death' represents the extreme manifestation while 'Sorrows' represents the milder expression, depending on overall chart strength, divisional charts, and other modifying factors.",
pair-044,R-BPHS55-020,deprecated,Brihat Parashara Hora Shastra,55,dasha_planet,,,"Condition: Saturn be in kendra, trikona in his sign of exaltation, in his own sign, in his moolatrikona, the 3rd or the 11th during Antardasha of Saturn in the Dasha of Rahu.

Effect: Loss of wealth caused by the king (government officials) during journey to the West.",R-BPHS55-022,deprecated,Brihat Parashara Hora Shastra,55,dasha_planet,,,"Condition: Saturn be in kendra, trikona in his sign of exaltation, in his own sign, in his moolatrikona, the 3rd or the 11th during Antardasha of Saturn in the Dasha of Rahu.

Effect: Return to homeland.","R-018 states Saturn in kendra/trikona/exaltation/own/moolatrikona/3rd/11th produces pleasure and auspicious functions, while R-020 states the identical Saturn placement causes loss of wealth from government during westward journey.",,keep_both,"Both effects may be valid in different contexts—Rule A describes loss during westward journey (specific scenario), while Rule B describes return to homeland (general outcome)—and these are not necessarily contradictory if the native experiences financial loss while returning home, or if contextual factors (such as additional planetary influences, natal chart strength, or the severity of afflictions) determine which effect manifests.",
pair-045,R-TBA15-061,pending_human_review,A Text-Book of Astrology,15,planet_occupation,Sun,5,"Condition: IF in moveable sign.

Effect: happiness through progeny.",R-TBA15-057,,,,,,,,"R-057 states Sun in 5th House causes death of first son, while R-061 states Sun in moveable sign in 5th House gives happiness through progeny—opposite outcomes for overlapping conditions.",,keep_a,"Rule A is a complete, sourced interpretation from an established Vedic astrology text, while Rule B is entirely empty with no source, condition, or interpretation content to evaluate.",
pair-046,R-TBA15-061,pending_human_review,A Text-Book of Astrology,15,planet_occupation,Sun,5,"Condition: IF in moveable sign.

Effect: happiness through progeny.",R-TBA15-062,pending_human_review,A Text-Book of Astrology,15,planet_occupation,Sun,5,"Condition: IF in dual sign.

Effect: loss of progeny.","R-057 states Sun in 5th House causes death of first son, while R-061 states Sun in moveable sign in 5th House gives happiness through progeny—opposite outcomes for overlapping conditions.",,keep_both,"Both rules are valid and mutually compatible as they apply to different zodiacal sign categories (moveable vs. dual signs), each producing distinct effects for Sun in House 5, representing different classical interpretive branches within Vedic astrology.",
pair-047,R-TBA15-062,pending_human_review,A Text-Book of Astrology,15,planet_occupation,Sun,5,"Condition: IF in dual sign.

Effect: loss of progeny.",R-TBA15-057,,,,,,,,"R-057 states Sun in 5th House normally produces one or two sons, while R-062 states Sun in dual sign in 5th House causes loss of progeny—opposite outcomes.",,keep_a,"Rule A has a complete, sourced classical reference (A Text-Book of Astrology, 15) with clear condition and interpretation, while Rule B is entirely blank and cannot be evaluated for conflict or validity.",
pair-048,R-TBA15-163,pending_human_review,A Text-Book of Astrology,15,planet_occupation,Moon,1,"Condition: Moon in 1st House in sign Aries, Taurus or Cancer.

Effect: Benefic results.",R-TBA15-164,pending_human_review,A Text-Book of Astrology,15,planet_occupation,Moon,1,"Condition: Moon in 1st House in sign Aries.

Effect: Benefic results.","R-163 is a general rule stating Moon in Aries/Taurus/Cancer in 1st House gives benefic results, while R-164 is a subset rule for Aries alone with identical effect; these are hierarchical, not contradictory.",,keep_a,"Rule A is more comprehensive and inclusive, covering three signs (Aries, Taurus, Cancer) while Rule B is a subset addressing only Aries; Rule A should be retained as the broader, more authoritative formulation from the same source.",
pair-049,R-TBA15-185,pending_human_review,A Text-Book of Astrology,15,planet_occupation,Moon,1,"Condition: Moon is weak in 1st House.

Effect: Eye trouble, poor, disgraceful, deaf and dumb, neurological problems.",R-TBA15-188,,,,,,,,"R-185 states weak Moon in 1st House causes eye trouble and poverty, while R-188 states weak Moon in Kendra in 1st House always bestows good results; these are directly opposite claims.",,keep_a,"Rule B is incomplete and lacks source attribution, condition specification, and interpretation content, making it unsuitable for comparison or use; Rule A is properly documented with a specific classical source and detailed interpretation.",
pair-050,R-TBA15-266,pending_human_review,A Text-Book of Astrology,15,planet_occupation,Moon,6,"Condition: Moon in 6th House and weak.

Effect: Ill health, sufferings.",R-TBA15-265,,,,,,,,"R-265 states Moon in 6th House (benefic) gives 'Good health, well built and strong' while R-266 states Moon in 6th House (weak) gives 'Ill health, sufferings' - these are conditional modifiers that properly differentiate outcomes, not contradictions.",,keep_a,"Rule A is a complete, sourced interpretation from an established Vedic astrology text, while Rule B is entirely empty and contains no valid interpretive content.",
pair-051,R-TBA15-282,pending_human_review,A Text-Book of Astrology,15,planet_occupation,Moon,7,"Condition: Moon in 7th House.

Effect: Happiness from spouse, gains in trading, attracted by opposite sex, fond of delicious food, greedy, civilized leader, judge, sea travel, promptness, love marriage, handsome, spouse also beautiful, attraction between husband and wife, frequent changes in profess",R-TBA15-287,,,,,,,,R-TBA15-282 states Moon in 7th House gives 'happiness from spouse' while R-TBA15-287 states Moon in signs other than Taurus and Cancer in 7th House causes 'loss of married life'—opposite outcomes for overlapping conditions.,,keep_a,"Rule A is a complete, sourced interpretation from an identified classical text, while Rule B is entirely empty with no source, condition, or interpretation data, making it impossible to evaluate or maintain.",
pair-052,R-TBA15-282,pending_human_review,A Text-Book of Astrology,15,planet_occupation,Moon,7,"Condition: Moon in 7th House.

Effect: Happiness from spouse, gains in trading, attracted by opposite sex, fond of delicious food, greedy, civilized leader, judge, sea travel, promptness, love marriage, handsome, spouse also beautiful, attraction between husband and wife, frequent changes in profess",R-TBA15-293,,,,,,,,R-TBA15-282 states Moon in 7th House gives 'happiness from spouse' while R-TBA15-287 states Moon in signs other than Taurus and Cancer in 7th House causes 'loss of married life'—opposite outcomes for overlapping conditions.,,keep_a,"Rule A has a complete, attributed source and detailed interpretation, while Rule B is entirely empty with no source, condition, or interpretation data, making it unusable for comparison.",
pair-053,R-TBA15-309,pending_human_review,A Text-Book of Astrology,15,planet_occupation,Moon,8,"Condition: IF Moon in 8th House in Taurus sign with benefics or aspected by a benefic.

Effect: Long lived.",R-TBA15-311,,,,,,,,R-TBA15-309 and R-TBA15-311 are redundant (both state long life for Moon in 8th in Taurus or Cancer with benefics) but not contradictory; R-TBA15-311 is a generalization of R-TBA15-309 and R-TBA15-310.,,keep_a,"Rule B is incomplete and non-functional (missing source, condition details, and interpretation content), while Rule A provides a specific, sourced interpretation with clear conditions and effects that can be evaluated and applied.",
pair-054,R-TBA15-309,pending_human_review,A Text-Book of Astrology,15,planet_occupation,Moon,8,"Condition: IF Moon in 8th House in Taurus sign with benefics or aspected by a benefic.

Effect: Long lived.",R-TBA15-313,pending_human_review,A Text-Book of Astrology,15,planet_occupation,Moon,8,"Condition: IF Moon in 8th House is weak.

Effect: Short lived.",R-TBA15-309 and R-TBA15-311 are redundant (both state long life for Moon in 8th in Taurus or Cancer with benefics) but not contradictory; R-TBA15-311 is a generalization of R-TBA15-309 and R-TBA15-310.,,keep_both,"These rules are complementary rather than contradictory—Rule A specifies a positive condition (Moon in 8th with benefic support) yielding longevity, while Rule B addresses the opposite condition (weak Moon in 8th) yielding short life, representing the classical principle that planetary strength determines outcome.",
pair-055,R-TBA15-312,pending_human_review,A Text-Book of Astrology,15,planet_occupation,Moon,8,"Condition: IF Moon in 8th House afflicted with malefic.

Effect: Fear of sudden death.",R-TBA15-306,,,,,,,,"R-TBA15-306 states Moon in 8th with benefics gives gains from partnership, while R-TBA15-312 states Moon in 8th afflicted with malefic gives fear of sudden death—these are opposite outcomes for opposite planetary conditions, not a direct contradiction.",,deprecate_both,"Rule B is incomplete and cannot be evaluated, while Rule A lacks specificity on what constitutes 'affliction' and relies on a single source without cross-reference; neither rule meets standards for reliable Vedic astrology interpretation without additional validation and clarification.",
pair-056,R-TBA15-354,pending_human_review,A Text-Book of Astrology,15,planet_occupation,Moon,11,"Condition: IF weak / in enemy's sign / debilitated.

Effect: Ill health, devoid of comforts.",R-TBA15-358,,,,,,,,"R-TBA15-354 states weak Moon in 11th house causes ill health and devoid of comforts, while R-TBA15-358 states weak Moon in 11th house in female chart gives good results.",,keep_a,"Rule A has a complete specification with identified source and clear interpretive conditions, while Rule B is entirely blank and cannot be evaluated for conflict or validity.",
pair-057,R-TBA15-370,pending_human_review,A Text-Book of Astrology,15,planet_occupation,Moon,12,"Condition: IF with benefic.

Effect: intelligent, good deeds.",R-TBA15-372,,,,,,,,"Moon with benefic (R-370) produces 'intelligent, good deeds' while Moon with malefic (R-372) produces 'sinner, loss of left eye, no salvation'—these are opposite moral/spiritual outcomes for opposite planetary conditions.",,keep_a,"Rule A has a complete, documented source (A Text-Book of Astrology, page 15) with a clear condition and interpretation, while Rule B is entirely empty and provides no actionable astrological information.",
pair-058,R-TBA15-394,pending_human_review,A Text-Book of Astrology,15,planet_occupation,Mars,1,"Condition: IF Mars is in Scorpio sign.

Effect: Healthy, long lived, famous.",R-TBA15-386,,,,,,,,"Mars in Scorpio sign causes spouse to suffer (R-386) but also causes healthy, long-lived, famous results (R-394).",,keep_a,"Rule B is incomplete and lacks source attribution, while Rule A provides a specific classical reference with defined conditions and effects.",
pair-059,R-TBA15-394,pending_human_review,A Text-Book of Astrology,15,planet_occupation,Mars,1,"Condition: IF Mars is in Scorpio sign.

Effect: Healthy, long lived, famous.",R-TBA15-393,,,,,,,,"Mars in Scorpio sign causes spouse to suffer (R-386) but also causes healthy, long-lived, famous results (R-394).",,keep_a,"Rule B is incomplete and lacks source attribution, while Rule A provides a specific classical text reference with a complete interpretation for Mars in House 1 with Scorpio sign condition.",
pair-060,R-TBA15-395,pending_human_review,A Text-Book of Astrology,15,planet_occupation,Mars,1,"Condition: IF Mars is in Capricorn sign.

Effect: Healthy, long lived, famous.",R-TBA15-393,,,,,,,,"Mars with malefics or benefics causes short-lived (R-393) but Mars in Capricorn sign causes long-lived (R-395), contradicting longevity outcomes.",,keep_a,"Rule A has a complete, sourced interpretation from an established text, while Rule B is entirely blank with no source, condition, or interpretation data, making it impossible to evaluate and therefore unusable.",
pair-061,R-TBA15-511,pending_human_review,A Text-Book of Astrology,15,planet_occupation,Mars,7,"Condition: Mars in 7th House with Saturn.

Effect: Devoid of spouse, progeny, mentally ill, suffers.",R-TBA15-494,,,,,,,,"Mars in 7th with Saturn produces conflicting outcomes: R-494 claims 'Unnatural sex' while R-511 claims 'Devoid of spouse, progeny, mentally ill, suffers'.",,keep_a,"Rule B is incomplete and lacks source attribution, while Rule A provides a specific classical reference with defined conditions (Mars in 7th with Saturn) and documented effects.",
pair-062,R-TBA15-511,pending_human_review,A Text-Book of Astrology,15,planet_occupation,Mars,7,"Condition: Mars in 7th House with Saturn.

Effect: Devoid of spouse, progeny, mentally ill, suffers.",R-TBA15-509,,,,,,,,"Mars in 7th with Saturn produces conflicting outcomes: R-494 claims 'Unnatural sex' while R-511 claims 'Devoid of spouse, progeny, mentally ill, suffers'.",,keep_a,"Rule A has a complete citation from an identifiable classical source with specific house and planetary conditions, while Rule B is entirely empty with no source, condition, or interpretation data, making it impossible to evaluate or maintain.",
pair-063,R-TBA15-520,pending_human_review,A Text-Book of Astrology,15,planet_occupation,Mars,8,"Condition: Mars in 8th House.

Effect: Enmity due to bad behaviour, obstacles, fond of alcohol, licentious, harsh, eye-trouble, financial crises, piles, inflammation, injury on the lower position of back, angry disposition, death due to fire, surgery, fortunate after marriage, cannot accumulate weal",R-TBA15-521,pending_human_review,A Text-Book of Astrology,15,planet_occupation,Mars,8,"Condition: IF Mars in 8th House in own sign or with benefics.

Effect: sound health, long-lived.","R-520 states Mars in 8th House causes financial crises and zero savings, while R-521 states Mars in 8th House in own sign or with benefics gives sound health and long life without addressing wealth, creating a conditional exception that partially contradicts the blanket statement.",,keep_both,"Rule A describes general Mars 8th House effects while Rule B specifies a conditional modifier (own sign or with benefics), representing a hierarchical refinement where beneficial placements mitigate the default negative outcomes—a common structure in classical Vedic astrology texts.",
pair-064,R-TBA15-520,pending_human_review,A Text-Book of Astrology,15,planet_occupation,Mars,8,"Condition: Mars in 8th House.

Effect: Enmity due to bad behaviour, obstacles, fond of alcohol, licentious, harsh, eye-trouble, financial crises, piles, inflammation, injury on the lower position of back, angry disposition, death due to fire, surgery, fortunate after marriage, cannot accumulate weal",R-TBA15-523,pending_human_review,A Text-Book of Astrology,15,planet_occupation,Mars,8,"Condition: IF Mars in 8th House exalted.

Effect: benefic.","R-520 states Mars in 8th House causes financial crises and zero savings, while R-521 states Mars in 8th House in own sign or with benefics gives sound health and long life without addressing wealth, creating a conditional exception that partially contradicts the blanket statement.",,keep_both,"Rule A describes Mars in the 8th House generally, while Rule B specifies a conditional modifier (exalted dignity), representing a legitimate hierarchical refinement where planetary dignity overrides basic house placement effects in Vedic astrology.",
pair-065,R-TBA15-520,pending_human_review,A Text-Book of Astrology,15,planet_occupation,Mars,8,"Condition: Mars in 8th House.

Effect: Enmity due to bad behaviour, obstacles, fond of alcohol, licentious, harsh, eye-trouble, financial crises, piles, inflammation, injury on the lower position of back, angry disposition, death due to fire, surgery, fortunate after marriage, cannot accumulate weal",R-TBA15-526,,,,,,,,"R-520 states Mars in 8th House causes financial crises and zero savings, while R-521 states Mars in 8th House in own sign or with benefics gives sound health and long life without addressing wealth, creating a conditional exception that partially contradicts the blanket statement.",,keep_a,"Rule B is incomplete and lacks source attribution, condition specification, and interpretive content, making it unsuitable for comparison; Rule A is fully documented with a cited source and comprehensive interpretation.",
pair-066,R-TBA15-602,pending_human_review,A Text-Book of Astrology,15,planet_occupation,Mercury,1,"Condition: Mercury in Capricorn sign in 1st House.

Effect: Wicked, unbending.",R-TBA15-613,,,,,,,,"R-TBA15-602 states Mercury in Capricorn in 1st House makes one 'Wicked, unbending' while R-TBA15-613 states the same placement results in 'Plumply body, impotent' — these are different effect claims for identical conditions.",,keep_a,"Rule B is incomplete and unparseable (missing source, condition details, and interpretation content), while Rule A provides a specific, sourced interpretation from an identifiable classical text.",
pair-067,R-TBA15-620,pending_human_review,A Text-Book of Astrology,15,planet_occupation,Mercury,2,"Condition: Mercury in 2nd House.

Effect: Intelligent, hard worker, good orator, intellectual pursuits, agent/advocate/leader/chartered accountant/judge, intellectual, no wasteful expenditure, brave, fond of collecting many things, wealthy, long hair, progeny, honour from govt. Logical, no patience,",R-TBA15-629,pending_human_review,A Text-Book of Astrology,15,planet_occupation,Mercury,2,"Condition: IF Mercury in 2nd House with malefics.

Effect: Wicked, uneducated, windy problems.","R-TBA15-620 states Mercury in 2nd House gives 'intelligent' and 'no wasteful expenditure', while R-TBA15-629 states Mercury in 2nd House with malefics produces 'wicked, uneducated' - directly opposite characterizations for the same placement.",,keep_both,"Rule A describes Mercury in the 2nd House in general, while Rule B specifies a conditional modifier (when Mercury is with malefics), making them complementary rather than conflicting interpretations of different astrological contexts.",
pair-068,R-TBA15-620,pending_human_review,A Text-Book of Astrology,15,planet_occupation,Mercury,2,"Condition: Mercury in 2nd House.

Effect: Intelligent, hard worker, good orator, intellectual pursuits, agent/advocate/leader/chartered accountant/judge, intellectual, no wasteful expenditure, brave, fond of collecting many things, wealthy, long hair, progeny, honour from govt. Logical, no patience,",R-TBA15-622,,,,,,,,"R-TBA15-620 states Mercury in 2nd House gives 'intelligent' and 'no wasteful expenditure', while R-TBA15-629 states Mercury in 2nd House with malefics produces 'wicked, uneducated' - directly opposite characterizations for the same placement.",,keep_a,"Rule B is incomplete with empty fields (missing source, condition, and interpretation details), making it impossible to evaluate as a valid competing interpretation, while Rule A provides a complete, sourced classical reference.",
pair-069,R-TBA15-646,pending_human_review,A Text-Book of Astrology,15,planet_occupation,Mercury,4,"Condition: IF Mercury in 4th House in Virgo sign.

Effect: very happy, good education.",R-TBA15-647,,,,,,,,"R-646 states Mercury in 4th House in Virgo gives 'very happy', while R-647 states Mercury in 4th House exalted or in own sign (Virgo is own sign for Mercury) causes being 'ill during childhood'.",,keep_a,"Rule B is incomplete and lacks source attribution, making it impossible to evaluate; Rule A is fully specified with a classical textbook source and should be retained as the only actionable rule.",
pair-070,R-TBA15-659,pending_human_review,A Text-Book of Astrology,15,planet_occupation,Mercury,5,"Condition: Mercury in 5th House combust or in enemy's sign.

Effect: Mercury becomes destroyer of son.",R-TBA15-658,,,,,,,,"R-658 states Mercury in 5th House gives 'possibility of son in old age' while R-659 states Mercury in 5th House (when combust or in enemy's sign) is 'destroyer of son', creating opposite claims about progeny outcome for the same placement.",,deprecate_both,"Rule B is incomplete and unparseable (missing source, condition, and interpretation details), while Rule A lacks sufficient classical textual authority verification and the harsh 'destroyer of son' interpretation requires corroboration from multiple Vedic sources before acceptance.",
pair-071,R-TBA15-662,pending_human_review,A Text-Book of Astrology,15,planet_occupation,Mercury,5,"Condition: Mercury in 5th House with malefics or aspected by malefics.

Effect: Native is pleasure seeker, gambler with mad progeny.",R-TBA15-658,,,,,,,,"R-658 describes Mercury in 5th House as accumulating wealth with good progress, while R-662 states Mercury in 5th House with malefics produces a pleasure-seeking gambler, creating opposite characterizations of financial behavior.",,deprecate_both,"Rule B is incomplete and unparseable (missing all key fields), while Rule A lacks sufficient source citation and modern validation to serve as a reliable interpretation standard without additional corroborating classical sources.",
pair-072,R-TBA15-671,pending_human_review,A Text-Book of Astrology,15,planet_occupation,Mercury,6,"Condition: IF with strong planets.

Effect: Head of family or leader of society.",R-TBA15-672,,,,,,,,"R-671 states strong planets make one head of family/leader, while R-672 states debilitated/enemy sign makes one destroyer of clan—opposite social outcomes for Mercury in 6th.",,deprecate_both,"Rule B is incomplete/blank making comparison impossible, and Rule A's interpretation (head of family/leader) is inconsistent with classical Vedic astrology where Mercury in 6th house typically indicates disease, enemies, or service rather than leadership positions.",
pair-073,R-TBA15-673,pending_human_review,A Text-Book of Astrology,15,planet_occupation,Mercury,6,"Condition: IF in sign of benefic planets or with benefics aspected by benefics.

Effect: Happy, victory over enemies.",R-TBA15-679,,,,,,,,"R-673 states benefic aspects bring happiness and victory over enemies, while R-679 states benefic aspects cause ill health and fear of enemies in female charts.",,keep_a,"Rule A is sourced from an established classical text with specific condition parameters, while Rule B is completely empty with no source, condition, or interpretation data to evaluate.",
pair-074,R-TBA15-689,pending_human_review,A Text-Book of Astrology,15,planet_occupation,Mercury,7,"Condition: Mercury in 7th House debilitated or in enemy sign.

Effect: Wife is deceitful and brings disgrace to husband.",R-TBA15-680,,,,,,,,"R-680 describes Mercury in 7th House as helpful for spouse with positive marital outcomes, while R-689 states debilitated Mercury in 7th House makes wife deceitful and brings disgrace.",,keep_a,"Rule B is incomplete with missing source, condition, and interpretation data, making it impossible to evaluate; Rule A is fully documented with a specific classical source and should be retained pending Rule B's completion.",
pair-075,R-TBA15-690,pending_human_review,A Text-Book of Astrology,15,planet_occupation,Mercury,7,"Condition: Mercury in 7th House in Virgo sign.

Effect: Native is very happy.",R-TBA15-688,,,,,,,,"R-690 states Mercury in 7th House in Virgo sign makes native very happy, while R-688 states Mercury in 7th House in Taurus sign causes death of wife, creating opposite marital outcomes for different sign placements of the same house position.",,keep_a,"Rule B is incomplete and lacks essential information (missing planet, house number, sign, source, and interpretation), making it impossible to evaluate as a valid alternative interpretation.",
pair-076,R-TBA15-746,pending_human_review,A Text-Book of Astrology,15,planet_occupation,Jupiter,1,"Condition: Jupiter in 1st House in Pisces sign.

Effect: Highly educated, progeny, polite.",R-TBA15-754,,,,,,,,"R-TBA15-746 states Jupiter in 1st House in Pisces gives highly educated and polite nature, while R-TBA15-754 states Jupiter in Pisces gives joyful, pleasure-seeking, extravagant nature.",,keep_a,"Rule A is complete with a named authoritative source and specific interpretive content, while Rule B is entirely empty with no source, condition, or interpretation data to evaluate.",
pair-077,R-TBA15-756,pending_human_review,A Text-Book of Astrology,15,planet_occupation,Jupiter,1,"Condition: Jupiter in 1st House debilitated.

Effect: Wicked, separation from family, number of enemies, medium life.",R-TBA15-742,,,,,,,,"R-TBA15-742 states Jupiter in 1st House gives long life and happiness, while R-TBA15-756 states debilitated Jupiter in 1st House gives medium life.",,keep_a,"Rule A is a complete, sourced interpretation from an established Vedic astrology text, while Rule B is entirely empty with no condition, interpretation, or source data, making it unsuitable for comparison or use.",
pair-078,R-TBA15-757,pending_human_review,A Text-Book of Astrology,15,planet_occupation,Jupiter,1,"Condition: Jupiter in 1st House under influence of malefics.

Effect: Wicked, separation from family, number of enemies, medium life.",R-TBA15-742,,,,,,,,"R-TBA15-742 states Jupiter in 1st House gives long life and happiness, while R-TBA15-757 states Jupiter under malefic influence gives medium life.",,keep_a,"Rule B is incomplete and contains no actual interpretation data, making it impossible to evaluate; Rule A has a specific classical source citation and detailed interpretive content that can be retained pending Rule B's completion.",
pair-079,R-TBA15-782,pending_human_review,A Text-Book of Astrology,15,planet_occupation,Jupiter,3,"Condition: IF Jupiter in 3rd House in Taurus sign.

Effect: Medium results.",R-TBA15-796,pending_human_review,A Text-Book of Astrology,15,planet_occupation,Jupiter,3,"Condition: IF Jupiter in 3rd House in Taurus sign.

Effect: Successful in business.","Jupiter in 3rd House in Taurus sign produces both 'Medium results' (R-782) and 'Successful in business' (R-796), which are opposite factual claims.",,keep_both,"Both interpretations can coexist as Rule B (successful in business) represents a specific manifestation of Rule A's more general 'medium results' outcome, reflecting how classical Vedic texts often provide both broader and contextual readings of the same planetary placement.",
pair-080,R-TBA15-782,pending_human_review,A Text-Book of Astrology,15,planet_occupation,Jupiter,3,"Condition: IF Jupiter in 3rd House in Taurus sign.

Effect: Medium results.",R-TBA15-807,,,,,,,,"Jupiter in 3rd House in Taurus sign produces both 'Medium results' (R-782) and 'Successful in business' (R-796), which are opposite factual claims.",,keep_a,"Rule B is incomplete and lacks source attribution, authority, and interpretive content, making Rule A the only substantive and citable guideline.",
pair-081,R-TBA15-783,pending_human_review,A Text-Book of Astrology,15,planet_occupation,Jupiter,3,"Condition: IF Jupiter in 3rd House in Leo sign.

Effect: Medium results.",R-TBA15-793,pending_human_review,A Text-Book of Astrology,15,planet_occupation,Jupiter,3,"Condition: IF Jupiter in 3rd House in Leo sign.

Effect: Influential, victorious.","Jupiter in 3rd House in Leo sign produces both 'Medium results' (R-783) and 'Influential, victorious' (R-793), which are opposite factual claims.",,keep_both,"Both rules cite the same authoritative source and identical condition, suggesting they may represent different classical interpretive schools or contextual applications (e.g., natal vs. divisional charts, or varying strength assessments based on additional planetary factors) rather than outright contradiction, warranting preservation with contextual clarification.",
pair-082,R-TBA15-792,pending_human_review,A Text-Book of Astrology,15,planet_occupation,Jupiter,3,"Condition: IF Jupiter in 3rd House in Aries sign.

Effect: Influential, victorious.",R-TBA15-781,,,,,,,,"Jupiter in 3rd House in Aries sign produces both 'Medium results' (R-781) and 'Influential, victorious' (R-792), which are opposite factual claims.",,keep_a,"Rule B is incomplete and lacks source attribution, citation, planetary placement, house designation, and interpretive content, making it unsuitable for comparison or retention.",
pair-083,R-TBA15-794,pending_human_review,A Text-Book of Astrology,15,planet_occupation,Jupiter,3,"Condition: IF Jupiter in 3rd House in Sagittarius sign.

Effect: Influential, victorious.",R-TBA15-786,,,,,,,,"Jupiter in 3rd House in Sagittarius sign produces both 'Medium results' (R-786) and 'Influential, victorious' (R-794), which are opposite factual claims.",,keep_a,"Rule B is incomplete and lacks source attribution, while Rule A provides a specific classical source, defined condition (Jupiter in 3rd House in Sagittarius), and clear interpretation, making it the only actionable rule.",
pair-084,R-TBA15-801,pending_human_review,A Text-Book of Astrology,15,planet_occupation,Jupiter,3,"Condition: IF Jupiter in 3rd House in Scorpio sign.

Effect: Gains from foreign travel.",R-TBA15-785,,,,,,,,"Jupiter in 3rd House in Scorpio sign produces both 'Medium results' (R-785) and 'Gains from foreign travel' (R-801), which are opposite factual claims.",,keep_a,"Rule B is incomplete and unparseable (missing source, condition details, and interpretation), while Rule A is a complete, sourced statement from an established Vedic astrology text.",
pair-085,R-TBA15-802,pending_human_review,A Text-Book of Astrology,15,planet_occupation,Jupiter,3,"Condition: IF Jupiter in 3rd House in Pisces sign.

Effect: Gains from foreign travel.",R-TBA15-787,,,,,,,,"Jupiter in 3rd House in Pisces sign produces both 'Medium results' (R-787) and 'Gains from foreign travel' (R-802), which are opposite factual claims.",,keep_a,"Rule A is complete with identifiable source, specific condition, and clear interpretation, while Rule B is entirely blank/incomplete and cannot be evaluated or applied.",
pair-086,R-TBA15-820,pending_human_review,A Text-Book of Astrology,15,planet_occupation,Jupiter,5,"Condition: Jupiter in 5th House.

Effect: Native is a pleasure seeker, fond of taking rest, good orator, imaginative, poet, writer with financial gains in speculation, progeny, policy maker, literary inclination, minister/advisor/secretary, polite and soft spoken.",R-TBA15-827,,,,,,,,"R-TBA15-820 states Jupiter in 5th House gives progeny, while R-TBA15-827 states Jupiter in 5th House exalted or in own sign causes problems with progeny.",,keep_a,"Rule A is fully specified with a credible classical source citation, while Rule B is completely empty with no source, condition, or interpretation content, making it impossible to evaluate or compare.",
pair-087,R-TBA15-821,pending_human_review,A Text-Book of Astrology,15,planet_occupation,Jupiter,5,"Condition: Jupiter in 5th House aspected by benefics.

Effect: Native has sons.",R-TBA15-826,,,,,,,,"R-TBA15-821 states Jupiter in 5th House aspected by benefics gives sons, while R-TBA15-826 states Jupiter in 5th House with Rahu or Ketu causes death of son.",,keep_a,"Rule A is a complete, sourced interpretation from an established Vedic astrology text, while Rule B contains no condition, interpretation, or source data and cannot be evaluated.",
pair-088,R-TBA15-821,pending_human_review,A Text-Book of Astrology,15,planet_occupation,Jupiter,5,"Condition: Jupiter in 5th House aspected by benefics.

Effect: Native has sons.",R-TBA15-822,,,,,,,,"R-TBA15-821 states Jupiter in 5th House aspected by benefics gives sons, while R-TBA15-826 states Jupiter in 5th House with Rahu or Ketu causes death of son.",,keep_a,"Rule A is complete with a named source, specific condition, and clear interpretation, while Rule B is entirely empty/malformed and provides no usable information.",
pair-089,R-TBA15-892,pending_human_review,A Text-Book of Astrology,15,planet_occupation,Jupiter,12,"Condition: IF Jupiter in 12th House is debilitated.

Effect: Convict, children are spoiled.",R-TBA15-895,,,,,,,,"Both rules apply when Jupiter in 12th House is debilitated, but one claims 'Convict, children are spoiled' while the other claims 'Very wealthy'—opposite factual outcomes.",,keep_a,"Rule A has a complete, sourced interpretation from an established Vedic astrology text, while Rule B is entirely empty with no source, condition, or interpretation data, making it unsuitable for retention.",
pair-090,R-TBA15-917,pending_human_review,A Text-Book of Astrology,15,planet_occupation,Venus,1,"Condition: Venus in 1st House.

Effect: Happy, very beautiful, healthy, charming, attractive, good conduct, soft spoken, self made, happiness of husband, wise, prosperous, generous, priggish, handsome husband, no defect, destroyer of enemies, fair complexion, husband long lived, sons.",R-TBA15-919,,,,,,,,"R-TBA15-917 states Venus in 1st House in female horoscope makes her 'very beautiful', while R-TBA15-919 states Venus in 1st House in own sign in female horoscope results in 'Not very beautiful'—directly opposite claims for overlapping conditions.",,keep_a,"Rule B is incomplete and lacks source attribution, interpretive content, and verifiable astrological data, making Rule A the only substantive and citable interpretation available.",
pair-091,R-TBA15-925,pending_human_review,A Text-Book of Astrology,15,planet_occupation,Venus,2,"Condition: Venus in 2nd House alone with malefics or aspected by malefics.

Effect: Loss due to government or theft, problems in journeys.",R-TBA15-920,,,,,,,,"R-920 states Venus in 2nd House brings financial gains and prosperity, while R-925 states Venus in 2nd House with malefics causes loss due to government or theft.",,keep_a,"Rule B is incomplete and lacks source attribution, citation, condition specification, and interpretation details, making it unsuitable for comparison or application.",
pair-092,R-TBA15-934,pending_human_review,A Text-Book of Astrology,15,planet_occupation,Venus,4,"Condition: Venus in 4th House.

Effect: Ahead of colleagues, high status, number of friends, prosperous, devotee of mother, long life, helpful for others, theist, clever, luck, wife very lucky, fond of singing, well educated, self independent, wife very beautiful and helpful in other aspects of life",R-TBA15-937,,,,,,,,R-934 states Venus in 4th gives 'gain of immovable property and comfort of conveyance' while R-937 states Venus in 4th with Mars causes 'may have to sell his house' (loss of property).,,keep_a,"Rule B is incomplete with missing source, condition, and interpretation data, making it impossible to evaluate; Rule A has a specific classical source and complete interpretive content that can be retained pending verification.",
pair-093,R-TBA15-934,pending_human_review,A Text-Book of Astrology,15,planet_occupation,Venus,4,"Condition: Venus in 4th House.

Effect: Ahead of colleagues, high status, number of friends, prosperous, devotee of mother, long life, helpful for others, theist, clever, luck, wife very lucky, fond of singing, well educated, self independent, wife very beautiful and helpful in other aspects of life",R-TBA15-936,,,,,,,,R-934 states Venus in 4th gives 'gain of immovable property and comfort of conveyance' while R-937 states Venus in 4th with Mars causes 'may have to sell his house' (loss of property).,,keep_a,"Rule B is completely empty with no source, condition, or interpretation data, making it impossible to evaluate; Rule A has a cited source and substantive interpretation content that can be retained.",
pair-094,R-TBA15-949,pending_human_review,A Text-Book of Astrology,15,planet_occupation,Venus,6,"Condition: IF Venus in 6th House is debilitated, combust, or in enemy's sign.

Effect: Ill health, quarrelsome, enmity.",R-TBA15-950,,,,,,,,"R-949 states debilitated Venus in 6th causes ill health and enmity, while R-950 states debilitated Venus in 6th makes one successful—opposite outcomes for the same condition.",,keep_a,"Rule A is a complete, sourced statement from an established Vedic astrology text, while Rule B is entirely blank and provides no interpretive content to compare or validate.",
pair-095,R-TBA15-949,pending_human_review,A Text-Book of Astrology,15,planet_occupation,Venus,6,"Condition: IF Venus in 6th House is debilitated, combust, or in enemy's sign.

Effect: Ill health, quarrelsome, enmity.",R-TBA15-951,,,,,,,,"R-949 states debilitated Venus in 6th causes ill health and enmity, while R-950 states debilitated Venus in 6th makes one successful—opposite outcomes for the same condition.",,keep_a,"Rule A is complete with specific source attribution, classical conditions, and clear effects, while Rule B is entirely empty/malformed and cannot be evaluated.",
pair-096,R-TBA15-998,pending_human_review,A Text-Book of Astrology,15,planet_occupation,Venus,11,"Condition: Venus in 11th House.

Effect: Gains in all undertakings, handsome, polite, fame, lover of truth, wise, wealthy, lucky, deals in jewellery, fond of gems, well educated, popular figure, comfort of vehicle, lucky after marriage, officer of high status, relations with number of females, luck ",R-TBA15-1004,pending_human_review,A Text-Book of Astrology,15,planet_occupation,Venus,11,"Condition: Venus in 11th House debilitated or with lord of 8th house.

Effect: No gains.","R-TBA15-998 states Venus in 11th House gives gains in all undertakings, while R-TBA15-1004 states debilitated Venus in 11th House or with 8th lord gives no gains—these are opposite outcomes for different conditions of the same placement.",,keep_both,"Rule A describes Venus in 11th House in a favorable state, while Rule B specifies a conditional modifier (debilitated or afflicted by 8th lord), making them complementary rather than contradictory—both are valid depending on Venus's dignity and planetary associations.",
pair-097,R-TBA15-1016,pending_human_review,A Text-Book of Astrology,15,planet_occupation,Saturn,1,"Condition: IF Saturn in 1st House in Virgo, Sagittarius, Capricorn, Aquarius or Pisces sign.

Effect: No malefic effects, wealthy, intellectual, head person of village.",R-TBA15-1022,,,,,,,,"R-1016 states Saturn in 1st House in Virgo gives no malefic effects and is wealthy/intellectual, while R-1022 states Saturn in 1st House in Virgo gives malefic results.",,keep_a,"Rule B is incomplete (missing source, condition, and interpretation details) and cannot be evaluated, while Rule A is a fully documented interpretation from an identifiable classical text.",
pair-098,R-TBA15-1020,pending_human_review,A Text-Book of Astrology,15,planet_occupation,Saturn,1,"Condition: IF Saturn in 1st House in Aquarius sign.

Effect: No malefic effects, wealthy, intellectual, head person of village.",R-TBA15-1022,,,,,,,,"R-1020 states Saturn in 1st House in Aquarius gives no malefic effects and is wealthy/intellectual, while R-1022 states Saturn in 1st House in Aquarius gives malefic results.",,keep_a,"Rule A is sourced from an identifiable classical text with specific conditions (Saturn in 1st House in Aquarius), while Rule B is incomplete with missing source attribution, house number, planet, and interpretation details, making it unsuitable for comparison or application.",
pair-099,R-TBA15-1021,pending_human_review,A Text-Book of Astrology,15,planet_occupation,Saturn,1,"Condition: IF Saturn in 1st House in Pisces sign.

Effect: No malefic effects, wealthy, intellectual, head person of village.",R-TBA15-1022,,,,,,,,"R-1021 states Saturn in 1st House in Pisces gives no malefic effects and is wealthy/intellectual, while R-1022 states Saturn in 1st House in Pisces gives malefic results.",,keep_a,"Rule A has a specific classical source attribution and complete interpretation details, while Rule B is entirely empty with no source, condition, or interpretation data, making it non-functional and unsuitable for comparison.",
pair-100,R-TBA15-1099,pending_human_review,A Text-Book of Astrology,15,planet_occupation,Saturn,5,"Condition: Saturn in Aquarius sign in 5th House.

Effect: Progeny.",R-TBA15-1091,,,,,,,,"R-TBA15-1091 states Saturn in 5th House causes 'delay in progeny' and 'obstacles in progeny', while R-TBA15-1099 states Saturn in Aquarius in 5th House gives 'progeny'.",,keep_a,Rule A is the only substantively complete rule with a cited source and specific interpretation; Rule B is entirely blank and cannot be evaluated or applied.,
pair-101,R-TBA15-1099,pending_human_review,A Text-Book of Astrology,15,planet_occupation,Saturn,5,"Condition: Saturn in Aquarius sign in 5th House.

Effect: Progeny.",R-TBA15-1097,,,,,,,,"R-TBA15-1091 states Saturn in 5th House causes 'delay in progeny' and 'obstacles in progeny', while R-TBA15-1099 states Saturn in Aquarius in 5th House gives 'progeny'.",,deprecate_both,"Rule B is incomplete and cannot be evaluated, while Rule A lacks sufficient classical source attribution and specificity regarding whether Saturn in Aquarius in the 5th house produces progeny or denies it, as Saturn is traditionally considered malefic for the 5th house matters.",
pair-102,R-TBA15-1157,pending_human_review,A Text-Book of Astrology,15,planet_occupation,Saturn,9,"Condition: IF Saturn in 9th House exalted.

Effect: Revolution in religious thoughts.",R-TBA15-1162,,,,,,,,"R-1157 states Saturn in 9th House exalted produces 'Revolution in religious thoughts', while R-1162 states the same condition produces 'Wealthy, happy'—these are different effect categories with no logical connection.",,keep_a,"Rule A contains a complete, sourced interpretation from an identifiable text, while Rule B is entirely empty with no condition, interpretation, or source data, making it unsuitable for comparison or application.",
pair-103,R-TBA15-1158,pending_human_review,A Text-Book of Astrology,15,planet_occupation,Saturn,9,"Condition: IF Saturn in 9th House in own sign.

Effect: Revolution in religious thoughts.",R-TBA15-1161,pending_human_review,A Text-Book of Astrology,15,planet_occupation,Saturn,9,"Condition: IF Saturn in 9th House in own sign.

Effect: Religious, static honour, father long lived.","R-1158 states Saturn in 9th House in own sign produces 'Revolution in religious thoughts', while R-1161 states the same condition produces 'Religious, static honour, father long lived'—opposite characterizations of religious orientation.",,keep_both,"These rules represent different classical interpretive traditions within Vedic astrology—Rule A emphasizes psychological/ideological transformation while Rule B emphasizes material/familial stability—and both can apply depending on the chart's overall context, divisional charts, and the strength/dignity of Saturn.",
pair-104,R-TBA15-1209,pending_human_review,A Text-Book of Astrology,15,planet_occupation,Rahu,1,"Condition: IF Rahu in Aquarius sign in 1st House.

Effect: Tall but with permanent disease.",R-TBA15-1207,,,,,,,,R-TBA15-1207 states Rahu in Aquarius in 1st House gives 'Long life' while R-TBA15-1209 states the same placement causes 'Tall but with permanent disease'.,,keep_a,"Rule A has a complete, sourced interpretation from an identified classical text, while Rule B is entirely blank with no source, condition, or interpretation data, making it unsuitable for comparison or application.",
pair-105,R-TBA15-1213,pending_human_review,A Text-Book of Astrology,15,planet_occupation,Rahu,2,"Condition: Rahu in 2nd House and debilitated.

Effect: Devoid of wealth but lucky on foreign land, speaks truth.",R-TBA15-1212,,,,,,,,"R-TBA15-1212 states Rahu in 2nd House accumulates own earned wealth, while R-TBA15-1213 states debilitated Rahu in 2nd House is devoid of wealth—opposite claims about wealth accumulation.",,deprecate_both,"Rule B is incomplete with missing source, condition, and interpretation data, making it impossible to evaluate the conflict; Rule A should be retained only after verification of its source credibility.",
pair-106,R-TBA15-1244,pending_human_review,A Text-Book of Astrology,15,planet_occupation,Rahu,5,"Condition: Rahu in Aries in 5th House.

Effect: Benefic, progeny.",R-TBA15-1242,,,,,,,,"R-TBA15-1242 states Rahu in 5th House destroys wealth and causes obstacles, while R-TBA15-1244 states Rahu in Aries in 5th House is benefic with progeny.",,keep_a,"Rule B is incomplete and lacks source attribution, while Rule A provides a specific classical source reference with defined condition and interpretation.",
pair-107,R-TBA15-1245,pending_human_review,A Text-Book of Astrology,15,planet_occupation,Rahu,5,"Condition: Rahu in Taurus in 5th House.

Effect: Benefic, progeny.",R-TBA15-1242,,,,,,,,"R-TBA15-1242 states Rahu in 5th House destroys wealth and causes obstacles, while R-TBA15-1245 states Rahu in Taurus in 5th House is benefic with progeny.",,keep_a,"Rule B is incomplete and lacks source attribution, while Rule A provides a specific classical source reference with defined condition and interpretation that can be evaluated for consistency with Vedic astrological principles.",
pair-108,R-TBA15-1246,pending_human_review,A Text-Book of Astrology,15,planet_occupation,Rahu,5,"Condition: Rahu in Cancer in 5th House.

Effect: Benefic, progeny.",R-TBA15-1242,,,,,,,,"R-TBA15-1242 states Rahu in 5th House destroys wealth and causes obstacles, while R-TBA15-1246 states Rahu in Cancer in 5th House is benefic with progeny.",,keep_a,"Rule B is incomplete and lacks source documentation, while Rule A provides a specific classical reference with defined conditions and interpretations; Rule B cannot be evaluated or compared without essential information.",
pair-109,R-TBA15-1247,pending_human_review,A Text-Book of Astrology,15,planet_occupation,Rahu,5,"Condition: Rahu in Aries, Taurus or Cancer in 5th House.

Effect: Benefic, progeny.",R-TBA15-1242,,,,,,,,"R-TBA15-1242 states Rahu in 5th House destroys wealth and causes obstacles, while R-TBA15-1247 states Rahu in Aries, Taurus or Cancer in 5th House is benefic with progeny.",,keep_a,"Rule B is incomplete/malformed (missing source, condition, and interpretation data), making it impossible to evaluate as a valid rule, while Rule A is fully documented with a specific classical source and clear interpretive content.",
pair-110,R-TBA15-1254,pending_human_review,A Text-Book of Astrology,15,planet_occupation,Rahu,7,"Condition: Rahu in 7th House.

Effect: More than one marriage, disgraceful, pleasure seeker, loss in business, loss in partnership, fond of travelling, suffers from gastric problems, wicked, obstacles in marriage, loss of money due to females, problems in teeth, loss of sexual desire with spouse, wi",R-TBA15-1255,,,,,,,,"R-TBA15-1254 states Rahu in 7th House causes obstacles in marriage and loss, while R-TBA15-1255 states Rahu in 7th House in Aries (among other signs) is Raj yogakarak, which are opposite outcomes for overlapping conditions.",,keep_a,"Rule A is sourced from a named classical text (A Text-Book of Astrology) with specific citation, while Rule B is completely empty with no source, condition, or interpretation data, making it unsuitable for comparison or retention.",
pair-111,R-TBA15-1254,pending_human_review,A Text-Book of Astrology,15,planet_occupation,Rahu,7,"Condition: Rahu in 7th House.

Effect: More than one marriage, disgraceful, pleasure seeker, loss in business, loss in partnership, fond of travelling, suffers from gastric problems, wicked, obstacles in marriage, loss of money due to females, problems in teeth, loss of sexual desire with spouse, wi",R-TBA15-1256,,,,,,,,"R-TBA15-1254 states Rahu in 7th House causes obstacles in marriage and loss, while R-TBA15-1255 states Rahu in 7th House in Aries (among other signs) is Raj yogakarak, which are opposite outcomes for overlapping conditions.",,keep_a,"Rule B is incomplete and contains no actual interpretive content, making it unsuitable for comparison, while Rule A provides a documented classical source with detailed interpretations from an established Vedic astrology text.",
pair-112,R-TBA15-1254,pending_human_review,A Text-Book of Astrology,15,planet_occupation,Rahu,7,"Condition: Rahu in 7th House.

Effect: More than one marriage, disgraceful, pleasure seeker, loss in business, loss in partnership, fond of travelling, suffers from gastric problems, wicked, obstacles in marriage, loss of money due to females, problems in teeth, loss of sexual desire with spouse, wi",R-TBA15-1257,,,,,,,,"R-TBA15-1254 states Rahu in 7th House causes obstacles in marriage and loss, while R-TBA15-1255 states Rahu in 7th House in Aries (among other signs) is Raj yogakarak, which are opposite outcomes for overlapping conditions.",,keep_a,"Rule B is incomplete and lacks source attribution, citation details, and interpretive content, making it unsuitable for comparison; Rule A has proper sourcing and comprehensive interpretation that should be retained.",
pair-113,R-TBA15-1254,pending_human_review,A Text-Book of Astrology,15,planet_occupation,Rahu,7,"Condition: Rahu in 7th House.

Effect: More than one marriage, disgraceful, pleasure seeker, loss in business, loss in partnership, fond of travelling, suffers from gastric problems, wicked, obstacles in marriage, loss of money due to females, problems in teeth, loss of sexual desire with spouse, wi",R-TBA15-1258,,,,,,,,"R-TBA15-1254 states Rahu in 7th House causes obstacles in marriage and loss, while R-TBA15-1255 states Rahu in 7th House in Aries (among other signs) is Raj yogakarak, which are opposite outcomes for overlapping conditions.",,keep_a,"Rule B is incomplete and lacks source attribution, while Rule A provides a specific classical source reference and detailed interpretation that can be evaluated and cross-referenced.",
pair-114,R-TBA15-1254,pending_human_review,A Text-Book of Astrology,15,planet_occupation,Rahu,7,"Condition: Rahu in 7th House.

Effect: More than one marriage, disgraceful, pleasure seeker, loss in business, loss in partnership, fond of travelling, suffers from gastric problems, wicked, obstacles in marriage, loss of money due to females, problems in teeth, loss of sexual desire with spouse, wi",R-TBA15-1259,,,,,,,,"R-TBA15-1254 states Rahu in 7th House causes obstacles in marriage and loss, while R-TBA15-1255 states Rahu in 7th House in Aries (among other signs) is Raj yogakarak, which are opposite outcomes for overlapping conditions.",,keep_a,"Rule A is fully specified with a clear classical source and complete interpretation, while Rule B is entirely empty (missing source, condition, planet, house, and interpretation details), making it impossible to evaluate or apply.",
pair-115,R-TBA15-1254,pending_human_review,A Text-Book of Astrology,15,planet_occupation,Rahu,7,"Condition: Rahu in 7th House.

Effect: More than one marriage, disgraceful, pleasure seeker, loss in business, loss in partnership, fond of travelling, suffers from gastric problems, wicked, obstacles in marriage, loss of money due to females, problems in teeth, loss of sexual desire with spouse, wi",R-TBA15-1260,,,,,,,,"R-TBA15-1254 states Rahu in 7th House causes obstacles in marriage and loss, while R-TBA15-1255 states Rahu in 7th House in Aries (among other signs) is Raj yogakarak, which are opposite outcomes for overlapping conditions.",,keep_a,"Rule B is incomplete and contains no actual condition, planet, house number, or interpretation content, making it impossible to evaluate or apply, while Rule A is a fully sourced and detailed classical interpretation from an established astrological text.",
pair-116,R-TBA15-1254,pending_human_review,A Text-Book of Astrology,15,planet_occupation,Rahu,7,"Condition: Rahu in 7th House.

Effect: More than one marriage, disgraceful, pleasure seeker, loss in business, loss in partnership, fond of travelling, suffers from gastric problems, wicked, obstacles in marriage, loss of money due to females, problems in teeth, loss of sexual desire with spouse, wi",R-TBA15-1261,,,,,,,,"R-TBA15-1254 states Rahu in 7th House causes obstacles in marriage and loss, while R-TBA15-1255 states Rahu in 7th House in Aries (among other signs) is Raj yogakarak, which are opposite outcomes for overlapping conditions.",,keep_a,"Rule B is incomplete and lacks source attribution, while Rule A provides a specific, sourced interpretation from an established Vedic astrology text.",
pair-117,R-TBA15-1317,pending_human_review,A Text-Book of Astrology,15,planet_occupation,Ketu,2,"Condition: Ketu in 2nd House in Virgo sign.

Effect: Stomach ailments.",R-TBA15-1310,,,,,,,,Ketu in 2nd House in Virgo sign produces opposite effects: 'Very happy' (R-1310) versus 'Stomach ailments' (R-1317).,,keep_a,"Rule A is a complete, sourced interpretation from an identified classical text, while Rule B is entirely empty and provides no interpretive content to compare or validate.",
pair-118,R-TBA15-1372,pending_human_review,A Text-Book of Astrology,15,planet_occupation,Ketu,7,"Condition: Ketu in 7th House.

Effect: Worries, loss of wealth, danger from water, sufferings from spouse and sons, difference of opinion with spouse, gambler, adulterer, insulted by others, relations with wicked females, intestinal disease, dissatisfied in marital life, settles on foreign land, wic",R-TBA15-1373,,,,,,,,"R-TBA15-1372 states Ketu in 7th House causes loss of wealth, while R-TBA15-1373 states Ketu in 7th House in Cancer sign gives gains.",,keep_a,"Rule A is sourced from an identifiable classical text with specific page reference and complete interpretation, while Rule B is entirely empty with no source, condition, or interpretation data.",
pair-119,R-TBA15-1372,pending_human_review,A Text-Book of Astrology,15,planet_occupation,Ketu,7,"Condition: Ketu in 7th House.

Effect: Worries, loss of wealth, danger from water, sufferings from spouse and sons, difference of opinion with spouse, gambler, adulterer, insulted by others, relations with wicked females, intestinal disease, dissatisfied in marital life, settles on foreign land, wic",R-TBA15-1374,,,,,,,,"R-TBA15-1372 states Ketu in 7th House causes loss of wealth, while R-TBA15-1373 states Ketu in 7th House in Cancer sign gives gains.",,keep_a,"Rule B is incomplete and lacks source attribution, author, or interpretive content, making it unsuitable for publication while Rule A provides a detailed classical interpretation from an identified textual source.",
pair-120,R-TBA15-1379,pending_human_review,A Text-Book of Astrology,15,planet_occupation,Ketu,8,"Condition: Ketu in 8th House.

Effect: Devoid of wealth, accident (vehicle), genital disease, piles, swelling, sexual, wicked, injury by arms, short lived, separation from own people, get deceived, loss of wealth, disliked by others, malefic at the age of 25, dental problems, danger of falling from ",R-TBA15-1389,,,,,,,,"R-1379 states Ketu in 8th House causes loss of wealth, while R-1389 states Ketu in 8th House with Sun gives financial gains.",,keep_a,"Rule A is a complete, sourced interpretation from an established Vedic astrology text, while Rule B is entirely blank with no source, condition, or interpretation data, making it unusable for comparison.",
pair-121,R-TBA15-1379,pending_human_review,A Text-Book of Astrology,15,planet_occupation,Ketu,8,"Condition: Ketu in 8th House.

Effect: Devoid of wealth, accident (vehicle), genital disease, piles, swelling, sexual, wicked, injury by arms, short lived, separation from own people, get deceived, loss of wealth, disliked by others, malefic at the age of 25, dental problems, danger of falling from ",R-TBA15-1384,,,,,,,,"R-1379 states Ketu in 8th House causes loss of wealth, while R-1389 states Ketu in 8th House with Sun gives financial gains.",,keep_a,"Rule B is incomplete with missing source, condition, and interpretation data, making it impossible to evaluate; Rule A provides a specific, sourced interpretation from a named astrological text that can be retained for reference.",
pair-122,R-TBA15-1379,pending_human_review,A Text-Book of Astrology,15,planet_occupation,Ketu,8,"Condition: Ketu in 8th House.

Effect: Devoid of wealth, accident (vehicle), genital disease, piles, swelling, sexual, wicked, injury by arms, short lived, separation from own people, get deceived, loss of wealth, disliked by others, malefic at the age of 25, dental problems, danger of falling from ",R-TBA15-1385,,,,,,,,"R-1379 states Ketu in 8th House causes loss of wealth, while R-1389 states Ketu in 8th House with Sun gives financial gains.",,keep_a,"Rule B is completely empty with no source, condition, or interpretation data, making it unusable for comparison; Rule A contains substantive classical astrological content from an identified source and should be retained.",
pair-123,R-TBA15-1379,pending_human_review,A Text-Book of Astrology,15,planet_occupation,Ketu,8,"Condition: Ketu in 8th House.

Effect: Devoid of wealth, accident (vehicle), genital disease, piles, swelling, sexual, wicked, injury by arms, short lived, separation from own people, get deceived, loss of wealth, disliked by others, malefic at the age of 25, dental problems, danger of falling from ",R-TBA15-1380,,,,,,,,"R-1379 states Ketu in 8th House causes loss of wealth, while R-1389 states Ketu in 8th House with Sun gives financial gains.",,keep_a,"Rule B is incomplete and lacks source attribution, condition specification, and interpretation content, making it unsuitable for comparison; Rule A provides a documented source and comprehensive interpretation that should be retained.",
pair-124,R-TBA15-1379,pending_human_review,A Text-Book of Astrology,15,planet_occupation,Ketu,8,"Condition: Ketu in 8th House.

Effect: Devoid of wealth, accident (vehicle), genital disease, piles, swelling, sexual, wicked, injury by arms, short lived, separation from own people, get deceived, loss of wealth, disliked by others, malefic at the age of 25, dental problems, danger of falling from ",R-TBA15-1381,,,,,,,,"R-1379 states Ketu in 8th House causes loss of wealth, while R-1389 states Ketu in 8th House with Sun gives financial gains.",,keep_a,"Rule B is incomplete and contains no substantive interpretation data, while Rule A provides a detailed classical source with specific effects for Ketu in the 8th House.",
pair-125,R-TBA15-1379,pending_human_review,A Text-Book of Astrology,15,planet_occupation,Ketu,8,"Condition: Ketu in 8th House.

Effect: Devoid of wealth, accident (vehicle), genital disease, piles, swelling, sexual, wicked, injury by arms, short lived, separation from own people, get deceived, loss of wealth, disliked by others, malefic at the age of 25, dental problems, danger of falling from ",R-TBA15-1382,,,,,,,,"R-1379 states Ketu in 8th House causes loss of wealth, while R-1389 states Ketu in 8th House with Sun gives financial gains.",,keep_a,"Rule B is incomplete and lacks source attribution, condition specification, and interpretation content, making it unsuitable for comparison; Rule A provides a complete, sourced interpretation that should be retained.",
pair-126,R-TBA15-061,pending_human_review,A Text-Book of Astrology,15,planet_occupation,Sun,5,"Condition: IF in moveable sign.

Effect: happiness through progeny.",,,,,,,,,"R-057 states Sun in 5th House causes death of first son, while R-061 states Sun in moveable sign in 5th House gives happiness through progeny—opposite outcomes for overlapping conditions.",,keep_a,"Rule A is complete with identifiable source, specific condition (Sun in House 5 in moveable sign), and clear interpretation, while Rule B is entirely empty and therefore cannot be meaningfully compared or applied.",
pair-127,R-TBA15-062,pending_human_review,A Text-Book of Astrology,15,planet_occupation,Sun,5,"Condition: IF in dual sign.

Effect: loss of progeny.",,,,,,,,,"R-057 states Sun in 5th House normally produces one or two sons, while R-062 states Sun in dual sign in 5th House causes loss of progeny—opposite outcomes.",,keep_a,"Rule A has a complete, specific citation from an identified classical text with clear conditions and effects, while Rule B contains no source attribution, missing house number, missing planet, and incomplete interpretation structure, making it unsuitable for a knowledge base.",
pair-128,R-TBA15-1016,pending_human_review,A Text-Book of Astrology,15,planet_occupation,Saturn,1,"Condition: IF Saturn in 1st House in Virgo, Sagittarius, Capricorn, Aquarius or Pisces sign.

Effect: No malefic effects, wealthy, intellectual, head person of village.",,,,,,,,,"R-1016 states Saturn in 1st House in Virgo gives no malefic effects and is wealthy/intellectual, while R-1022 states Saturn in 1st House in Virgo gives malefic results.",,keep_a,"Rule A is sourced from an established classical text with specific conditions and effects, while Rule B is incomplete with missing source attribution, planetary designation, house number, and interpretation content, making it impossible to evaluate or apply.",
pair-129,R-TBA15-1020,pending_human_review,A Text-Book of Astrology,15,planet_occupation,Saturn,1,"Condition: IF Saturn in 1st House in Aquarius sign.

Effect: No malefic effects, wealthy, intellectual, head person of village.",,,,,,,,,"R-1020 states Saturn in 1st House in Aquarius gives no malefic effects and is wealthy/intellectual, while R-1022 states Saturn in 1st House in Aquarius gives malefic results.",,keep_a,"Rule B is incomplete with missing source, condition details, and interpretation content, making it impossible to evaluate; Rule A is fully documented from an identified text and therefore should be retained.",
pair-130,R-TBA15-1021,pending_human_review,A Text-Book of Astrology,15,planet_occupation,Saturn,1,"Condition: IF Saturn in 1st House in Pisces sign.

Effect: No malefic effects, wealthy, intellectual, head person of village.",,,,,,,,,"R-1021 states Saturn in 1st House in Pisces gives no malefic effects and is wealthy/intellectual, while R-1022 states Saturn in 1st House in Pisces gives malefic results.",,keep_a,"Rule B is incomplete and contains no actual interpretation content, making it impossible to evaluate; Rule A provides a specific, sourced interpretation with clear conditions and effects that can be validated against classical Vedic texts.",
pair-131,R-TBA15-1099,pending_human_review,A Text-Book of Astrology,15,planet_occupation,Saturn,5,"Condition: Saturn in Aquarius sign in 5th House.

Effect: Progeny.",,,,,,,,,"R-TBA15-1091 states Saturn in 5th House causes 'delay in progeny' and 'obstacles in progeny', while R-TBA15-1099 states Saturn in Aquarius in 5th House gives 'progeny'.",,deprecate_both,"Rule B is completely empty with no source, condition, or interpretation data, making it impossible to evaluate; Rule A should be retained only after verification of its source citation and clarification that Saturn in Aquarius in the 5th House specifically concerns progeny matters rather than Saturn's typical restrictive influence on the 5th House.",
pair-132,R-TBA15-1157,pending_human_review,A Text-Book of Astrology,15,planet_occupation,Saturn,9,"Condition: IF Saturn in 9th House exalted.

Effect: Revolution in religious thoughts.",,,,,,,,,"R-1157 states Saturn in 9th House exalted produces 'Revolution in religious thoughts', while R-1162 states the same condition produces 'Wealthy, happy'—these are different effect categories with no logical connection.",,keep_a,"Rule A is properly sourced with specific textual reference and complete condition/interpretation structure, while Rule B is entirely empty and provides no substantive content to evaluate.",
pair-133,R-TBA15-1209,pending_human_review,A Text-Book of Astrology,15,planet_occupation,Rahu,1,"Condition: IF Rahu in Aquarius sign in 1st House.

Effect: Tall but with permanent disease.",,,,,,,,,R-TBA15-1207 states Rahu in Aquarius in 1st House gives 'Long life' while R-TBA15-1209 states the same placement causes 'Tall but with permanent disease'.,,keep_a,"Rule A has a complete, specific citation from an identifiable classical text with clear conditions and effects, while Rule B is entirely blank/incomplete and cannot be evaluated for validity or comparison.",
pair-134,R-TBA15-1213,pending_human_review,A Text-Book of Astrology,15,planet_occupation,Rahu,2,"Condition: Rahu in 2nd House and debilitated.

Effect: Devoid of wealth but lucky on foreign land, speaks truth.",,,,,,,,,"R-TBA15-1212 states Rahu in 2nd House accumulates own earned wealth, while R-TBA15-1213 states debilitated Rahu in 2nd House is devoid of wealth—opposite claims about wealth accumulation.",,keep_a,"Rule B is incomplete with missing source, condition, and interpretation data, making it impossible to evaluate; Rule A is a complete, sourced classical interpretation from a named text and should be retained.",
pair-135,R-TBA15-1244,pending_human_review,A Text-Book of Astrology,15,planet_occupation,Rahu,5,"Condition: Rahu in Aries in 5th House.

Effect: Benefic, progeny.",,,,,,,,,"R-TBA15-1242 states Rahu in 5th House destroys wealth and causes obstacles, while R-TBA15-1244 states Rahu in Aries in 5th House is benefic with progeny.",,keep_a,"Rule B is incomplete and unparseable (missing source, condition details, and interpretation content), while Rule A provides a specific, sourced interpretation with clear planetary placement and effect.",
pair-136,R-TBA15-1245,pending_human_review,A Text-Book of Astrology,15,planet_occupation,Rahu,5,"Condition: Rahu in Taurus in 5th House.

Effect: Benefic, progeny.",,,,,,,,,"R-TBA15-1242 states Rahu in 5th House destroys wealth and causes obstacles, while R-TBA15-1245 states Rahu in Taurus in 5th House is benefic with progeny.",,keep_a,"Rule A is complete with identifiable source, specific condition, and clear interpretation, while Rule B is empty/malformed and provides no substantive content for comparison.",
pair-137,R-TBA15-1246,pending_human_review,A Text-Book of Astrology,15,planet_occupation,Rahu,5,"Condition: Rahu in Cancer in 5th House.

Effect: Benefic, progeny.",,,,,,,,,"R-TBA15-1242 states Rahu in 5th House destroys wealth and causes obstacles, while R-TBA15-1246 states Rahu in Cancer in 5th House is benefic with progeny.",,deprecate_both,"Rule B is incomplete and unparseable (missing source, condition, and interpretation data), while Rule A lacks sufficient specificity regarding whether the benefic effect applies universally or only when Rahu is in Cancer specifically, making both unreliable as stated.",
pair-138,R-TBA15-1247,pending_human_review,A Text-Book of Astrology,15,planet_occupation,Rahu,5,"Condition: Rahu in Aries, Taurus or Cancer in 5th House.

Effect: Benefic, progeny.",,,,,,,,,"R-TBA15-1242 states Rahu in 5th House destroys wealth and causes obstacles, while R-TBA15-1247 states Rahu in Aries, Taurus or Cancer in 5th House is benefic with progeny.",,keep_a,"Rule A is sourced from an identifiable classical text with specific conditions and effects, while Rule B contains no source, conditions, or interpretation data and therefore cannot be evaluated or compared.",
pair-139,R-TBA15-1254,pending_human_review,A Text-Book of Astrology,15,planet_occupation,Rahu,7,"Condition: Rahu in 7th House.

Effect: More than one marriage, disgraceful, pleasure seeker, loss in business, loss in partnership, fond of travelling, suffers from gastric problems, wicked, obstacles in marriage, loss of money due to females, problems in teeth, loss of sexual desire with spouse, wife suffers from gynecological problems, yogakarak in its own dasha, widower, loss of coborns, ugly wife, devoid of bed/sexual comforts, relations with widow, health problems due to sexual relations with wicked females, wife elder than himself, loss of property.",,,,,,,,,"R-TBA15-1254 states Rahu in 7th House causes obstacles in marriage and loss, while R-TBA15-1255 states Rahu in 7th House in Aries (among other signs) is Raj yogakarak, which are opposite outcomes for overlapping conditions.",,keep_a,"Rule B is incomplete (missing source, condition, and interpretation data), making it impossible to evaluate as a valid alternative; Rule A provides a complete, sourced interpretation from an established Vedic astrology text.",
pair-140,R-TBA15-1317,pending_human_review,A Text-Book of Astrology,15,planet_occupation,Ketu,2,"Condition: Ketu in 2nd House in Virgo sign.

Effect: Stomach ailments.",,,,,,,,,Ketu in 2nd House in Virgo sign produces opposite effects: 'Very happy' (R-1310) versus 'Stomach ailments' (R-1317).,,keep_a,"Rule A has a complete, sourced interpretation from an established Vedic astrology text, while Rule B is entirely empty and lacks any condition, interpretation, or source information.",
pair-141,R-TBA15-1372,pending_human_review,A Text-Book of Astrology,15,planet_occupation,Ketu,7,"Condition: Ketu in 7th House.

Effect: Worries, loss of wealth, danger from water, sufferings from spouse and sons, difference of opinion with spouse, gambler, adulterer, insulted by others, relations with wicked females, intestinal disease, dissatisfied in marital life, settles on foreign land, wicked wife, dental problems, postponement of journeys, genital problems.",,,,,,,,,"R-TBA15-1372 states Ketu in 7th House causes loss of wealth, while R-TBA15-1373 states Ketu in 7th House in Cancer sign gives gains.",,keep_a,"Rule A provides a specific, detailed interpretation from an identifiable classical source with complete condition parameters, while Rule B is entirely empty and contains no interpretive content to evaluate.",
pair-142,R-TBA15-1379,pending_human_review,A Text-Book of Astrology,15,planet_occupation,Ketu,8,"Condition: Ketu in 8th House.

Effect: Devoid of wealth, accident (vehicle), genital disease, piles, swelling, sexual, wicked, injury by arms, short lived, separation from own people, get deceived, loss of wealth, disliked by others, malefic at the age of 25, dental problems, danger of falling from vehicle, extra marital relations, financial gains through vehicles, signs of small pox on face, head injury, imitable, does not get any help from co-borns and near relations, harsh wife, chastity of wife is doubtful, always worried about finances.",,,,,,,,,"R-1379 states Ketu in 8th House causes loss of wealth, while R-1389 states Ketu in 8th House with Sun gives financial gains.",,keep_a,"Rule A has a complete, sourced interpretation from an identified classical text (A Text-Book of Astrology), while Rule B is entirely empty with no source, condition, or interpretation data.",
pair-143,R-TBA15-185,pending_human_review,A Text-Book of Astrology,15,planet_occupation,Moon,1,"Condition: Moon is weak in 1st House.

Effect: Eye trouble, poor, disgraceful, deaf and dumb, neurological problems.",,,,,,,,,"R-185 states weak Moon in 1st House causes eye trouble and poverty, while R-188 states weak Moon in Kendra in 1st House always bestows good results; these are directly opposite claims.",,keep_a,"Rule B is incomplete with missing source attribution, condition specification, and interpretation content, making it impossible to evaluate; Rule A provides a complete, sourced statement from an established astrology text and should be retained while Rule B requires substantial revision or removal.",
pair-144,R-TBA15-266,pending_human_review,A Text-Book of Astrology,15,planet_occupation,Moon,6,"Condition: Moon in 6th House and weak.

Effect: Ill health, sufferings.",,,,,,,,,"R-265 states Moon in 6th House (benefic) gives 'Good health, well built and strong' while R-266 states Moon in 6th House (weak) gives 'Ill health, sufferings' - these are conditional modifiers that properly differentiate outcomes, not contradictions.",,keep_a,"Rule B is incomplete and lacks source citation, condition specification, and interpretation content, making it impossible to evaluate as a valid alternative to the well-sourced Rule A.",
pair-145,R-TBA15-282,pending_human_review,A Text-Book of Astrology,15,planet_occupation,Moon,7,"Condition: Moon in 7th House.

Effect: Happiness from spouse, gains in trading, attracted by opposite sex, fond of delicious food, greedy, civilized leader, judge, sea travel, promptness, love marriage, handsome, spouse also beautiful, attraction between husband and wife, frequent changes in profession, sudden financial gains from wife or son, fond of travelling, speculative gains, gains from things produced in water, gain in partnership. Business in grocery, milk and milk products, grain, restaurant, commission agent, insurance always profitable.",,,,,,,,,R-TBA15-282 states Moon in 7th House gives 'happiness from spouse' while R-TBA15-287 states Moon in signs other than Taurus and Cancer in 7th House causes 'loss of married life'—opposite outcomes for overlapping conditions.,,keep_a,"Rule B is incomplete and lacks source attribution, interpretive content, and any identifiable astrological guidance, making Rule A the only viable option despite potential need for verification of its historical accuracy.",
pair-146,R-TBA15-309,pending_human_review,A Text-Book of Astrology,15,planet_occupation,Moon,8,"Condition: IF Moon in 8th House in Taurus sign with benefics or aspected by a benefic.

Effect: Long lived.",,,,,,,,,R-TBA15-309 and R-TBA15-311 are redundant (both state long life for Moon in 8th in Taurus or Cancer with benefics) but not contradictory; R-TBA15-311 is a generalization of R-TBA15-309 and R-TBA15-310.,,keep_a,"Rule A is a complete, sourced interpretation from an established Vedic astrology text, while Rule B is entirely empty with no source, condition, or interpretation data, making it impossible to evaluate or apply.",
pair-147,R-TBA15-312,pending_human_review,A Text-Book of Astrology,15,planet_occupation,Moon,8,"Condition: IF Moon in 8th House afflicted with malefic.

Effect: Fear of sudden death.",,,,,,,,,"R-TBA15-306 states Moon in 8th with benefics gives gains from partnership, while R-TBA15-312 states Moon in 8th afflicted with malefic gives fear of sudden death—these are opposite outcomes for opposite planetary conditions, not a direct contradiction.",,deprecate_both,"Rule B is incomplete and unverifiable (missing source, condition, and interpretation details), while Rule A lacks sufficient context about what constitutes 'affliction' and 'malefic' influence, making both unreliable for establishing authoritative interpretation without additional classical source validation.",
pair-148,R-TBA15-354,pending_human_review,A Text-Book of Astrology,15,planet_occupation,Moon,11,"Condition: IF weak / in enemy's sign / debilitated.

Effect: Ill health, devoid of comforts.",,,,,,,,,"R-TBA15-354 states weak Moon in 11th house causes ill health and devoid of comforts, while R-TBA15-358 states weak Moon in 11th house in female chart gives good results.",,keep_a,"Rule A has a specific, named classical source (A Text-Book of Astrology) with clear conditions and effects, while Rule B contains no source attribution, missing house number, and incomplete interpretation data, making it unsuitable for comparison or application.",
pair-149,R-TBA15-370,pending_human_review,A Text-Book of Astrology,15,planet_occupation,Moon,12,"Condition: IF with benefic.

Effect: intelligent, good deeds.",,,,,,,,,"Moon with benefic (R-370) produces 'intelligent, good deeds' while Moon with malefic (R-372) produces 'sinner, loss of left eye, no salvation'—these are opposite moral/spiritual outcomes for opposite planetary conditions.",,keep_a,"Rule A has a complete, sourced interpretation from an identified classical text, while Rule B is entirely blank with no source, condition, or interpretation data, making it unsuitable for comparison or application.",
pair-150,R-TBA15-394,pending_human_review,A Text-Book of Astrology,15,planet_occupation,Mars,1,"Condition: IF Mars is in Scorpio sign.

Effect: Healthy, long lived, famous.",,,,,,,,,"Mars in Scorpio sign causes spouse to suffer (R-386) but also causes healthy, long-lived, famous results (R-394).",,keep_a,"Rule B is incomplete and lacks source attribution, while Rule A provides a specific classical reference with defined astrological conditions and effects; Rule A should be retained as the authoritative interpretation.",
pair-151,R-TBA15-395,pending_human_review,A Text-Book of Astrology,15,planet_occupation,Mars,1,"Condition: IF Mars is in Capricorn sign.

Effect: Healthy, long lived, famous.",,,,,,,,,"Mars with malefics or benefics causes short-lived (R-393) but Mars in Capricorn sign causes long-lived (R-395), contradicting longevity outcomes.",,keep_a,"Rule B is incomplete and malformed (missing source, condition details, and interpretation), making it impossible to evaluate; Rule A is properly documented with a clear source citation and complete interpretation.",
pair-152,R-TBA15-511,pending_human_review,A Text-Book of Astrology,15,planet_occupation,Mars,7,"Condition: Mars in 7th House with Saturn.

Effect: Devoid of spouse, progeny, mentally ill, suffers.",,,,,,,,,"Mars in 7th with Saturn produces conflicting outcomes: R-494 claims 'Unnatural sex' while R-511 claims 'Devoid of spouse, progeny, mentally ill, suffers'.",,keep_a,"Rule A is sourced from an identifiable classical text with specific reference, while Rule B is completely empty with no source, condition, or interpretation data, making it unsuitable for comparison or retention.",
pair-153,R-TBA15-520,pending_human_review,A Text-Book of Astrology,15,planet_occupation,Mars,8,"Condition: Mars in 8th House.

Effect: Enmity due to bad behaviour, obstacles, fond of alcohol, licentious, harsh, eye-trouble, financial crises, piles, inflammation, injury on the lower position of back, angry disposition, death due to fire, surgery, fortunate after marriage, cannot accumulate wealth (zero savings), sufferings at the age of 22 and 35, sufferings similar to death at the age of 25. Seriously ill during the age of 54-56, enmity even with co-borns, chronic disease and medical treatment is of no use, eye trouble, ailments of blood, wicked, never caught while accepting bribe, always feels hungry.",,,,,,,,,"R-520 states Mars in 8th House causes financial crises and zero savings, while R-521 states Mars in 8th House in own sign or with benefics gives sound health and long life without addressing wealth, creating a conditional exception that partially contradicts the blanket statement.",,keep_a,"Rule B is completely empty with no source, condition, or interpretation data, making it impossible to evaluate; Rule A should be retained as the only substantive rule, though its extreme and contradictory claims (e.g., 'never caught while accepting bribe') warrant scholarly review for reliability.",
pair-154,R-TBA15-602,pending_human_review,A Text-Book of Astrology,15,planet_occupation,Mercury,1,"Condition: Mercury in Capricorn sign in 1st House.

Effect: Wicked, unbending.",,,,,,,,,"R-TBA15-602 states Mercury in Capricorn in 1st House makes one 'Wicked, unbending' while R-TBA15-613 states the same placement results in 'Plumply body, impotent' — these are different effect claims for identical conditions.",,keep_a,"Rule B is incomplete with missing source, condition specifics, and interpretation content, making it impossible to evaluate; Rule A has a clear authoritative source and complete interpretive statement.",
pair-155,R-TBA15-620,pending_human_review,A Text-Book of Astrology,15,planet_occupation,Mercury,2,"Condition: Mercury in 2nd House.

Effect: Intelligent, hard worker, good orator, intellectual pursuits, agent/advocate/leader/chartered accountant/judge, intellectual, no wasteful expenditure, brave, fond of collecting many things, wealthy, long hair, progeny, honour from govt. Logical, no patience, enjoys all comforts, donor, devotee of father.",,,,,,,,,"R-TBA15-620 states Mercury in 2nd House gives 'intelligent' and 'no wasteful expenditure', while R-TBA15-629 states Mercury in 2nd House with malefics produces 'wicked, uneducated' - directly opposite characterizations for the same placement.",,keep_a,"Rule B is completely empty with no source, condition, or interpretation data, making it impossible to evaluate; Rule A contains a substantive interpretation from an identifiable classical source and should be retained.",
pair-156,R-TBA15-646,pending_human_review,A Text-Book of Astrology,15,planet_occupation,Mercury,4,"Condition: IF Mercury in 4th House in Virgo sign.

Effect: very happy, good education.",,,,,,,,,"R-646 states Mercury in 4th House in Virgo gives 'very happy', while R-647 states Mercury in 4th House exalted or in own sign (Virgo is own sign for Mercury) causes being 'ill during childhood'.",,keep_a,"Rule A is fully specified with a clear source, condition, and interpretation, while Rule B is incomplete with missing source, house number, planet, and interpretation details, making it impossible to evaluate or apply.",
pair-157,R-TBA15-659,pending_human_review,A Text-Book of Astrology,15,planet_occupation,Mercury,5,"Condition: Mercury in 5th House combust or in enemy's sign.

Effect: Mercury becomes destroyer of son.",,,,,,,,,"R-658 states Mercury in 5th House gives 'possibility of son in old age' while R-659 states Mercury in 5th House (when combust or in enemy's sign) is 'destroyer of son', creating opposite claims about progeny outcome for the same placement.",,keep_a,"Rule A is substantive and sourced from an established Vedic astrology text, while Rule B is entirely empty (no source, condition, or interpretation provided), making it impossible to evaluate and unsuitable for retention.",
pair-158,R-TBA15-662,pending_human_review,A Text-Book of Astrology,15,planet_occupation,Mercury,5,"Condition: Mercury in 5th House with malefics or aspected by malefics.

Effect: Native is pleasure seeker, gambler with mad progeny.",,,,,,,,,"R-658 describes Mercury in 5th House as accumulating wealth with good progress, while R-662 states Mercury in 5th House with malefics produces a pleasure-seeking gambler, creating opposite characterizations of financial behavior.",,deprecate_both,"Rule B is incomplete and cannot be evaluated, while Rule A lacks sufficient modern validation and relies on archaic terminology ('mad progeny') that conflicts with contemporary Vedic astrology standards.",
pair-159,R-TBA15-671,pending_human_review,A Text-Book of Astrology,15,planet_occupation,Mercury,6,"Condition: IF with strong planets.

Effect: Head of family or leader of society.",,,,,,,,,"R-671 states strong planets make one head of family/leader, while R-672 states debilitated/enemy sign makes one destroyer of clan—opposite social outcomes for Mercury in 6th.",,deprecate_both,"Rule A cites a specific classical source but lacks methodological rigor (unclear definition of 'strong planets' and questionable causality between 6th house Mercury and leadership), while Rule B is completely empty and provides no interpretive content to evaluate.",
pair-160,R-TBA15-673,pending_human_review,A Text-Book of Astrology,15,planet_occupation,Mercury,6,"Condition: IF in sign of benefic planets or with benefics aspected by benefics.

Effect: Happy, victory over enemies.",,,,,,,,,"R-673 states benefic aspects bring happiness and victory over enemies, while R-679 states benefic aspects cause ill health and fear of enemies in female charts.",,keep_a,"Rule A is complete with a named source, specific condition, and detailed interpretation, while Rule B is entirely empty and provides no interpretive content to compare or validate.",
pair-161,R-TBA15-689,pending_human_review,A Text-Book of Astrology,15,planet_occupation,Mercury,7,"Condition: Mercury in 7th House debilitated or in enemy sign.

Effect: Wife is deceitful and brings disgrace to husband.",,,,,,,,,"R-680 describes Mercury in 7th House as helpful for spouse with positive marital outcomes, while R-689 states debilitated Mercury in 7th House makes wife deceitful and brings disgrace.",,keep_a,"Rule A is sourced from an identified classical text with specific citation, while Rule B is entirely blank and provides no condition, interpretation, or source information, making it impossible to evaluate or apply.",
pair-162,R-TBA15-690,pending_human_review,A Text-Book of Astrology,15,planet_occupation,Mercury,7,"Condition: Mercury in 7th House in Virgo sign.

Effect: Native is very happy.",,,,,,,,,"R-690 states Mercury in 7th House in Virgo sign makes native very happy, while R-688 states Mercury in 7th House in Taurus sign causes death of wife, creating opposite marital outcomes for different sign placements of the same house position.",,keep_a,"Rule B is incomplete with missing source, condition details, and interpretation content, making it impossible to evaluate; Rule A has a specific source citation and complete information that can be assessed for validity.",
pair-163,R-TBA15-746,pending_human_review,A Text-Book of Astrology,15,planet_occupation,Jupiter,1,"Condition: Jupiter in 1st House in Pisces sign.

Effect: Highly educated, progeny, polite.",,,,,,,,,"R-TBA15-746 states Jupiter in 1st House in Pisces gives highly educated and polite nature, while R-TBA15-754 states Jupiter in Pisces gives joyful, pleasure-seeking, extravagant nature.",,keep_a,"Rule A is a complete, sourced interpretation from an established Vedic astrology text, while Rule B is entirely empty with no source, condition, or interpretation data, making it impossible to assess and therefore unsuitable for retention.",
pair-164,R-TBA15-756,pending_human_review,A Text-Book of Astrology,15,planet_occupation,Jupiter,1,"Condition: Jupiter in 1st House debilitated.

Effect: Wicked, separation from family, number of enemies, medium life.",,,,,,,,,"R-TBA15-742 states Jupiter in 1st House gives long life and happiness, while R-TBA15-756 states debilitated Jupiter in 1st House gives medium life.",,keep_a,"Rule A is a complete, sourced interpretation from an identified classical text, while Rule B is entirely empty with no source, condition, or interpretation data, making it unusable and unreliable for comparison.",
pair-165,R-TBA15-757,pending_human_review,A Text-Book of Astrology,15,planet_occupation,Jupiter,1,"Condition: Jupiter in 1st House under influence of malefics.

Effect: Wicked, separation from family, number of enemies, medium life.",,,,,,,,,"R-TBA15-742 states Jupiter in 1st House gives long life and happiness, while R-TBA15-757 states Jupiter under malefic influence gives medium life.",,keep_a,"Rule B is incomplete and lacks source attribution, while Rule A provides a specific classical source and detailed interpretation, making it the only evaluable rule.",
pair-166,R-TBA15-782,pending_human_review,A Text-Book of Astrology,15,planet_occupation,Jupiter,3,"Condition: IF Jupiter in 3rd House in Taurus sign.

Effect: Medium results.",,,,,,,,,"Jupiter in 3rd House in Taurus sign produces both 'Medium results' (R-782) and 'Successful in business' (R-796), which are opposite factual claims.",,keep_a,"Rule A is a complete, sourced interpretation from an identified classical text, while Rule B is entirely empty with no source, condition, or interpretation data, making it unsuitable for comparison or use.",
pair-167,R-TBA15-792,pending_human_review,A Text-Book of Astrology,15,planet_occupation,Jupiter,3,"Condition: IF Jupiter in 3rd House in Aries sign.

Effect: Influential, victorious.",,,,,,,,,"Jupiter in 3rd House in Aries sign produces both 'Medium results' (R-781) and 'Influential, victorious' (R-792), which are opposite factual claims.",,keep_a,"Rule B is incomplete and unparseable (missing source, condition, and interpretation details), while Rule A is a fully documented interpretation from an identified classical text that can be retained and verified.",
pair-168,R-TBA15-794,pending_human_review,A Text-Book of Astrology,15,planet_occupation,Jupiter,3,"Condition: IF Jupiter in 3rd House in Sagittarius sign.

Effect: Influential, victorious.",,,,,,,,,"Jupiter in 3rd House in Sagittarius sign produces both 'Medium results' (R-786) and 'Influential, victorious' (R-794), which are opposite factual claims.",,keep_a,"Rule A is a complete, sourced interpretation from an identified classical text (A Text-Book of Astrology, 15), while Rule B is entirely empty with no source, condition, or interpretation data, making it unsuitable for comparison or use.",
pair-169,R-TBA15-801,pending_human_review,A Text-Book of Astrology,15,planet_occupation,Jupiter,3,"Condition: IF Jupiter in 3rd House in Scorpio sign.

Effect: Gains from foreign travel.",,,,,,,,,"Jupiter in 3rd House in Scorpio sign produces both 'Medium results' (R-785) and 'Gains from foreign travel' (R-801), which are opposite factual claims.",,keep_a,"Rule A is a complete, sourced interpretation from an established Vedic astrology text, while Rule B is entirely empty with no source, condition, or interpretation data, making it impossible to evaluate or retain.",
pair-170,R-TBA15-802,pending_human_review,A Text-Book of Astrology,15,planet_occupation,Jupiter,3,"Condition: IF Jupiter in 3rd House in Pisces sign.

Effect: Gains from foreign travel.",,,,,,,,,"Jupiter in 3rd House in Pisces sign produces both 'Medium results' (R-787) and 'Gains from foreign travel' (R-802), which are opposite factual claims.",,keep_a,"Rule A is a complete, sourced interpretation with specific planetary, house, and sign conditions, while Rule B is empty/malformed with missing source, condition, and interpretation data, making it impossible to evaluate or apply.",
pair-171,R-TBA15-820,pending_human_review,A Text-Book of Astrology,15,planet_occupation,Jupiter,5,"Condition: Jupiter in 5th House.

Effect: Native is a pleasure seeker, fond of taking rest, good orator, imaginative, poet, writer with financial gains in speculation, progeny, policy maker, literary inclination, minister/advisor/secretary, polite and soft spoken.",,,,,,,,,"R-TBA15-820 states Jupiter in 5th House gives progeny, while R-TBA15-827 states Jupiter in 5th House exalted or in own sign causes problems with progeny.",,keep_a,"Rule A is a complete, sourced interpretation from an established Vedic astrology text, while Rule B is entirely empty with no condition, source, or interpretation content to evaluate.",
pair-172,R-TBA15-821,pending_human_review,A Text-Book of Astrology,15,planet_occupation,Jupiter,5,"Condition: Jupiter in 5th House aspected by benefics.

Effect: Native has sons.",,,,,,,,,"R-TBA15-821 states Jupiter in 5th House aspected by benefics gives sons, while R-TBA15-826 states Jupiter in 5th House with Rahu or Ketu causes death of son.",,keep_a,"Rule A is a complete, sourced interpretation from an identifiable classical text, while Rule B contains no condition, source attribution, or interpretation content, making it impossible to evaluate or apply.",
pair-173,R-TBA15-892,pending_human_review,A Text-Book of Astrology,15,planet_occupation,Jupiter,12,"Condition: IF Jupiter in 12th House is debilitated.

Effect: Convict, children are spoiled.",,,,,,,,,"Both rules apply when Jupiter in 12th House is debilitated, but one claims 'Convict, children are spoiled' while the other claims 'Very wealthy'—opposite factual outcomes.",,keep_a,"Rule A is a complete, sourced interpretation from an established Vedic astrology text, while Rule B is entirely empty and provides no interpretive content to compare or validate.",
pair-174,R-TBA15-917,pending_human_review,A Text-Book of Astrology,15,planet_occupation,Venus,1,"Condition: Venus in 1st House.

Effect: Happy, very beautiful, healthy, charming, attractive, good conduct, soft spoken, self made, happiness of husband, wise, prosperous, generous, priggish, handsome husband, no defect, destroyer of enemies, fair complexion, husband long lived, sons.",,,,,,,,,"R-TBA15-917 states Venus in 1st House in female horoscope makes her 'very beautiful', while R-TBA15-919 states Venus in 1st House in own sign in female horoscope results in 'Not very beautiful'—directly opposite claims for overlapping conditions.",,keep_a,"Rule B is completely empty with no source, condition, or interpretation content, making it impossible to evaluate and therefore Rule A should be retained as the only substantive guidance available.",
pair-175,R-TBA15-925,pending_human_review,A Text-Book of Astrology,15,planet_occupation,Venus,2,"Condition: Venus in 2nd House alone with malefics or aspected by malefics.

Effect: Loss due to government or theft, problems in journeys.",,,,,,,,,"R-920 states Venus in 2nd House brings financial gains and prosperity, while R-925 states Venus in 2nd House with malefics causes loss due to government or theft.",,keep_a,"Rule A is from a named, specific source with complete interpretation details, while Rule B is entirely empty with no source attribution, condition specification, or interpretation content, making it unsuitable for comparison or retention.",
pair-176,R-TBA15-934,pending_human_review,A Text-Book of Astrology,15,planet_occupation,Venus,4,"Condition: Venus in 4th House.

Effect: Ahead of colleagues, high status, number of friends, prosperous, devotee of mother, long life, helpful for others, theist, clever, luck, wife very lucky, fond of singing, well educated, self independent, wife very beautiful and helpful in other aspects of life, mother harsh, gain of immovable property and comfort and comfort of conveyance at the age of 30, respected, all material comforts, devotee of god, inheritance, happiness from co-borns at the age of 12 and 20, interference by wife and other females in the important aspects of life.",,,,,,,,,R-934 states Venus in 4th gives 'gain of immovable property and comfort of conveyance' while R-937 states Venus in 4th with Mars causes 'may have to sell his house' (loss of property).,,keep_a,"Rule B is completely empty with no source, condition, or interpretation content, making it impossible to evaluate; Rule A has a complete classical reference and substantive interpretation that should be retained.",
pair-177,R-TBA15-949,pending_human_review,A Text-Book of Astrology,15,planet_occupation,Venus,6,"Condition: IF Venus in 6th House is debilitated, combust, or in enemy's sign.

Effect: Ill health, quarrelsome, enmity.",,,,,,,,,"R-949 states debilitated Venus in 6th causes ill health and enmity, while R-950 states debilitated Venus in 6th makes one successful—opposite outcomes for the same condition.",,keep_a,"Rule A is from an identifiable classical source (A Text-Book of Astrology, 15) with specific conditions and effects, while Rule B is incomplete with missing source attribution, planetary designation, house number, and interpretation content, making it unsuitable for comparison or application.",
